overlay_id,base_fund_id,family,method,variant,start_date,end_date,observations,annualisation,transaction_cost_bps,net_cumulative_return,net_annualised_return,net_annualised_volatility,net_sharpe_ratio,net_max_drawdown,gross_cumulative_return,gross_annualised_return,gross_sharpe_ratio,average_rebalance_turnover,total_turnover,transaction_cost_drag,rebalance_count
equity_equal_weight__plain_vader_naive,equity_equal_weight,Equity,Equal Weight,plain_vader_naive,2021-01-04,2023-12-29,753,252,5,0.42416039407706374,0.12561593015716532,0.16090153736003251,0.81596914072218463,-0.20305679732852067,0.42546342918582813,0.12596048699039186,0.81784298168945158,0.05225823857132559,1.8290383499963956,0.0013030351087643943,36
equity_equal_weight__finance_vader_naive,equity_equal_weight,Equity,Equal Weight,finance_vader_naive,2021-01-04,2023-12-29,753,252,5,0.42409073090287608,0.12559750347190657,0.16090615695044252,0.81584984150955431,-0.20320102766835157,0.42538585281201136,0.12593997962010772,0.8177119810420389,0.051943566996805225,1.8180248448881828,0.0012951219091352772,36
equity_equal_weight__evidence_aware_finance,equity_equal_weight,Equity,Equal Weight,evidence_aware_finance,2021-01-04,2023-12-29,753,252,5,0.42216149898717892,0.12508696168858258,0.16105563284367053,0.81242287690951043,-0.20274803438793088,0.42300928236796809,0.12531137134054782,0.81364188756123301,0.034053729042885943,1.191880516501008,0.00084778338078916882,36
equity_minimum_variance__plain_vader_naive,equity_minimum_variance,Equity,Minimum Variance,plain_vader_naive,2021-01-04,2023-12-29,753,252,5,0.17194866333743009,0.054535104098656362,0.12675367956084463,0.48230429703815697,-0.15076969966412945,0.17510963764752407,0.055486124231683753,0.48936626504936953,0.15391095149162318,5.3868833022068117,0.0031609743100939891,36
equity_minimum_variance__finance_vader_naive,equity_minimum_variance,Equity,Minimum Variance,finance_vader_naive,2021-01-04,2023-12-29,753,252,5,0.17521999196965488,0.055519294996479118,0.12675295968894151,0.489668329927062,-0.15148718346765766,0.178392789523657,0.056472102769224097,0.4967342938246645,0.15405636689636704,5.391972841372846,0.0031727975540021269,36
equity_minimum_variance__evidence_aware_finance,equity_minimum_variance,Equity,Minimum Variance,evidence_aware_finance,2021-01-04,2023-12-29,753,252,5,0.17017827110682826,0.054001712841171612,0.12682085279889899,0.47812688029795197,-0.15232167066789737,0.17316765824865898,0.054902056467042382,0.48481239990702846,0.14578695975852887,5.1025435915485104,0.0029893871418307238,36
equity_maximum_sharpe__plain_vader_naive,equity_maximum_sharpe,Equity,Maximum Sharpe,plain_vader_naive,2021-01-04,2023-12-29,753,252,5,0.1880883647855025,0.059373199205517091,0.17250344939883613,0.42075237845667179,-0.23169618420795801,0.19441672842169244,0.061258276938431333,0.43099127608974624,0.30353687856694567,10.623790749843099,0.0063283636361899376,36
equity_maximum_sharpe__finance_vader_naive,equity_maximum_sharpe,Equity,Maximum Sharpe,finance_vader_naive,2021-01-04,2023-12-29,753,252,5,0.1958532960056556,0.061685272297033134,0.17266849418975722,0.43315062432463947,-0.22941600723200906,0.20220892731466322,0.063570291928653599,0.44335369782276168,0.30286712759144241,10.600349465700484,0.0063556313090076255,36
equity_maximum_sharpe__evidence_aware_finance,equity_maximum_sharpe,Equity,Maximum Sharpe,evidence_aware_finance,2021-01-04,2023-12-29,753,252,5,0.19021173903262123,0.060006447920864181,0.17278744760870901,0.42381132240872754,-0.22678369860632674,0.19644981145296758,0.061862476122598986,0.43386768490294098,0.29868510234228601,10.45397858198001,0.0062380724203463522,36
equity_risk_parity__plain_vader_naive,equity_risk_parity,Equity,Risk Parity,plain_vader_naive,2021-01-04,2023-12-29,753,252,5,0.32474676629161059,0.098684888177369423,0.14518443490981134,0.72088734987547876,-0.18600578405087687,0.32601529001443863,0.099036858582209675,0.72306706036205459,0.054690723780938102,1.9141753323328337,0.001268523722828041,36
equity_risk_parity__finance_vader_naive,equity_risk_parity,Equity,Risk Parity,finance_vader_naive,2021-01-04,2023-12-29,753,252,5,0.32494741186965204,0.098740575143705156,0.1451843218782097,0.72123810753830142,-0.18641438137664668,0.32620540333961823,0.09908958899068887,0.72339901948155927,0.054228653833070482,1.8980028841574668,0.0012579914699661909,36
equity_risk_parity__evidence_aware_finance,equity_risk_parity,Equity,Risk Parity,evidence_aware_finance,2021-01-04,2023-12-29,753,252,5,0.32225451936130933,0.097992724316928959,0.14522896637515326,0.71637100881580662,-0.18554094395852172,0.32313272869314824,0.098236725583928042,0.71788223818788954,0.037939918944961112,1.3278971630736389,0.00087820933183890837,36
combined_equal_weight__plain_vader_naive,combined_equal_weight,Combined,Equal Weight,plain_vader_naive,2021-01-04,2023-12-29,753,252,5,0.52079023538555202,0.15061905966636346,0.21574267552180754,0.75850551563988977,-0.27792380565231267,0.52234138720251999,0.15101168183396574,0.76007172246671606,0.058253093877783269,2.0388582857224145,0.0015511518169679661,36
combined_equal_weight__finance_vader_naive,combined_equal_weight,Combined,Equal Weight,finance_vader_naive,2021-01-04,2023-12-29,753,252,5,0.52081831271143919,0.15062616886891944,0.2157735325668412,0.75845728612460261,-0.27721503517712598,0.52236352391161534,0.15101728307418449,0.76001708221432474,0.05802904305682529,2.0310165069888853,0.0015452112001761442,36
combined_equal_weight__evidence_aware_finance,combined_equal_weight,Combined,Equal Weight,evidence_aware_finance,2021-01-04,2023-12-29,753,252,5,0.51901988539185062,0.15017062910002976,0.21590389340750818,0.75629677067718093,-0.2782953271737838,0.52018190238376483,0.15046500779033667,0.75746996399637856,0.043695813608590782,1.5293534763006773,0.0011620169919142054,36
combined_minimum_variance__plain_vader_naive,combined_minimum_variance,Combined,Minimum Variance,plain_vader_naive,2021-01-04,2023-12-29,753,252,5,0.17186189472046709,0.05450897458116355,0.12699517892466342,0.48143592783565209,-0.15221040146016473,0.17505601957901495,0.055470006739720468,0.48856082022642772,0.15553434152730428,5.4437019534556494,0.0031941248585478643,36
combined_minimum_variance__finance_vader_naive,combined_minimum_variance,Combined,Minimum Variance,finance_vader_naive,2021-01-04,2023-12-29,753,252,5,0.17535676441701109,0.055560403756306886,0.12699175856519551,0.4892954674358006,-0.1529358970317154,0.17856186936588059,0.056522830405562052,0.49642106175347717,0.1556047996321849,5.4461679871264712,0.0032051049488694972,36
combined_minimum_variance__evidence_aware_finance,combined_minimum_variance,Combined,Minimum Variance,evidence_aware_finance,2021-01-04,2023-12-29,753,252,5,0.17014637598683713,0.053992098422501078,0.1270648917422266,0.47738335203802645,-0.15379857909235006,0.17316561750194381,0.054901442355897334,0.48412441422154651,0.14724499010014888,5.1535746535052107,0.0030192415151066854,36
combined_maximum_sharpe__plain_vader_naive,combined_maximum_sharpe,Combined,Maximum Sharpe,plain_vader_naive,2021-01-04,2023-12-29,753,252,5,0.58017343873581906,0.16546383934865405,0.23305773664482304,0.77324539031552442,-0.23291998405929681,0.5887720078558305,0.16758240185258666,0.78095385400368067,0.31007411800020895,10.852594130007313,0.0085985691200114456,36
combined_maximum_sharpe__finance_vader_naive,combined_maximum_sharpe,Combined,Maximum Sharpe,finance_vader_naive,2021-01-04,2023-12-29,753,252,5,0.58941643693949231,0.16774087222020606,0.23322938497312309,0.78122711732300187,-0.23064289286040052,0.59805671405389926,0.16986146988675266,0.78892093816813835,0.30976708980727619,10.841848143254666,0.0086402771144069579,36
combined_maximum_sharpe__evidence_aware_finance,combined_maximum_sharpe,Combined,Maximum Sharpe,evidence_aware_finance,2021-01-04,2023-12-29,753,252,5,0.5844128785857583,0.1665093317403874,0.23322502642607293,0.7767106914210109,-0.22792739245941196,0.59290842073689021,0.16859883691808353,0.78429866714079299,0.30555137703447488,10.694298196206621,0.0084955421511319074,36
combined_risk_parity__plain_vader_naive,combined_risk_parity,Combined,Risk Parity,plain_vader_naive,2021-01-04,2023-12-29,753,252,5,0.47654109372185527,0.13930483676248961,0.16192050425273996,0.88658244739835645,-0.19522956528492996,0.47805391227943717,0.13969535277258194,0.8886683541193221,0.058515940368529917,2.048057912898547,0.0015128185575818964,36
combined_risk_parity__finance_vader_naive,combined_risk_parity,Combined,Risk Parity,finance_vader_naive,2021-01-04,2023-12-29,753,252,5,0.47699931219462655,0.1394231484722519,0.16192994606927125,0.88718244517703881,-0.19558893121242638,0.47850549863376202,0.13981187284359597,0.8892581680038345,0.05824148320537606,2.0384519121881621,0.0015061864391354707,36
combined_risk_parity__evidence_aware_finance,combined_risk_parity,Combined,Risk Parity,evidence_aware_finance,2021-01-04,2023-12-29,753,252,5,0.47401343570372778,0.1386517576807178,0.16197039451270909,0.88281945851982802,-0.1950349479642941,0.47513633202931782,0.13894197590140012,0.88436866846815754,0.043514063836482722,1.5229922342768953,0.0011228963255900393,36
