date,fund_id,family,method,solver_success,attempts,status_code,message,iterations,objective_value,sum_residual,lower_bound_violation,upper_bound_violation,covariance_repair,minimum_eigenvalue,retry_used,near_identical_with,near_identical_warning,near_identical_explanation
2021-01-01,crypto_equal_weight,Crypto,Equal Weight,True,0,0,deterministic_equal_weight,0,0.0,0.0,0.0,0.0,0.0,0.0,False,,False,
2021-01-01,crypto_minimum_variance,Crypto,Minimum Variance,True,1,0,Optimization terminated successfully,14,0.6901880820940295,0.0,0.0,0.0,0.0,0.08676979687220836,False,,False,
2021-01-01,crypto_maximum_sharpe,Crypto,Maximum Sharpe,True,1,0,Optimization terminated successfully,2,-2.184524876163941,1.1102230246251565e-16,0.0,0.0,0.0,0.08676979687220836,False,,False,
2021-01-01,crypto_risk_parity,Crypto,Risk Parity,True,1,0,Optimization terminated successfully,14,2.7026398829252784e-14,0.0,0.0,0.0,0.0,0.08676979687220836,False,,False,
2021-01-04,equity_equal_weight,Equity,Equal Weight,True,0,0,deterministic_equal_weight,0,0.0,0.0,0.0,0.0,0.0,0.0,False,,False,
2021-01-04,equity_minimum_variance,Equity,Minimum Variance,True,1,0,Optimization terminated successfully,31,0.05876503406708862,2.220446049250313e-16,0.0,0.0,0.0,0.010534381630637777,False,,False,
2021-01-04,equity_maximum_sharpe,Equity,Maximum Sharpe,True,1,0,Optimization terminated successfully,9,-1.8506598891921848,6.59472476627343e-14,0.0,0.0,0.0,0.010534381630637777,False,,False,
2021-01-04,equity_risk_parity,Equity,Risk Parity,True,1,0,Optimization terminated successfully,18,6.452875920378696e-14,0.0,0.0,0.0,0.0,0.010534381630637777,False,,False,
2021-01-04,combined_equal_weight,Combined,Equal Weight,True,0,0,deterministic_equal_weight,0,0.0,0.0,0.0,0.0,0.0,0.0,False,,False,
2021-01-04,combined_minimum_variance,Combined,Minimum Variance,True,1,0,Optimization terminated successfully,31,0.05876503406729265,2.220446049250313e-16,0.0,0.0,0.0,0.009128111055871439,False,,False,
2021-01-04,combined_maximum_sharpe,Combined,Maximum Sharpe,True,1,0,Optimization terminated successfully,14,-2.766799300264331,7.72715225139109e-14,0.0,0.0,0.0,0.009128111055871439,False,,False,
2021-01-04,combined_risk_parity,Combined,Risk Parity,True,1,0,Optimization terminated successfully,18,2.651747232232026e-13,1.1102230246251565e-16,0.0,0.0,0.0,0.009128111055871439,False,,False,
2021-02-01,equity_equal_weight,Equity,Equal Weight,True,0,0,deterministic_equal_weight,0,0.0,0.0,0.0,0.0,0.0,0.0,False,,False,
2021-02-01,equity_minimum_variance,Equity,Minimum Variance,True,1,0,Optimization terminated successfully,30,0.05951571376358564,0.0,0.0,0.0,0.0,0.0114337052650361,False,,False,
2021-02-01,equity_maximum_sharpe,Equity,Maximum Sharpe,True,1,0,Optimization terminated successfully,11,-1.7243712671167173,1.0103029524088925e-13,0.0,0.0,0.0,0.0114337052650361,False,,False,
2021-02-01,equity_risk_parity,Equity,Risk Parity,True,1,0,Optimization terminated successfully,17,5.045055769169935e-14,2.220446049250313e-16,0.0,0.0,0.0,0.0114337052650361,False,,False,
2021-02-01,crypto_equal_weight,Crypto,Equal Weight,True,0,0,deterministic_equal_weight,0,0.0,0.0,0.0,0.0,0.0,0.0,False,,False,
2021-02-01,crypto_minimum_variance,Crypto,Minimum Variance,True,1,0,Optimization terminated successfully,11,0.7168680540411023,2.220446049250313e-16,0.0,0.0,0.0,0.11315188318666208,False,,False,
2021-02-01,crypto_maximum_sharpe,Crypto,Maximum Sharpe,True,1,0,Optimization terminated successfully,5,-2.2347031522600753,4.440892098500626e-16,0.0,0.0,0.0,0.11315188318666208,False,,False,
2021-02-01,crypto_risk_parity,Crypto,Risk Parity,True,1,0,Optimization terminated successfully,15,9.577263983372806e-14,0.0,0.0,0.0,0.0,0.11315188318666208,False,,False,
2021-02-01,combined_equal_weight,Combined,Equal Weight,True,0,0,deterministic_equal_weight,0,0.0,0.0,0.0,0.0,0.0,0.0,False,,False,
2021-02-01,combined_minimum_variance,Combined,Minimum Variance,True,1,0,Optimization terminated successfully,30,0.05951571376356394,6.661338147750939e-16,0.0,0.0,0.0,0.009066857455159786,False,,False,
2021-02-01,combined_maximum_sharpe,Combined,Maximum Sharpe,True,1,0,Optimization terminated successfully,14,-2.6658702729617314,9.78994663114463e-13,0.0,0.0,0.0,0.009066857455159786,False,,False,
2021-02-01,combined_risk_parity,Combined,Risk Parity,True,1,0,Optimization terminated successfully,19,7.148644687794612e-14,2.220446049250313e-16,0.0,0.0,0.0,0.009066857455159786,False,,False,
2021-03-01,equity_equal_weight,Equity,Equal Weight,True,0,0,deterministic_equal_weight,0,0.0,0.0,0.0,0.0,0.0,0.0,False,,False,
2021-03-01,equity_minimum_variance,Equity,Minimum Variance,True,1,0,Optimization terminated successfully,30,0.05782613593849638,0.0,0.0,0.0,0.0,0.011142838357620003,False,,False,
2021-03-01,equity_maximum_sharpe,Equity,Maximum Sharpe,True,1,0,Optimization terminated successfully,13,-2.03310156007767,1.3322676295501878e-14,0.0,0.0,0.0,0.011142838357620003,False,,False,
2021-03-01,equity_risk_parity,Equity,Risk Parity,True,1,0,Optimization terminated successfully,17,8.045463459426478e-14,0.0,0.0,0.0,0.0,0.011142838357620003,False,,False,
2021-03-01,crypto_equal_weight,Crypto,Equal Weight,True,0,0,deterministic_equal_weight,0,0.0,0.0,0.0,0.0,0.0,0.0,False,,False,
2021-03-01,crypto_minimum_variance,Crypto,Minimum Variance,True,1,0,Optimization terminated successfully,13,0.7691868309718971,1.1102230246251565e-16,0.0,0.0,0.0,0.11920313881095965,False,,False,
2021-03-01,crypto_maximum_sharpe,Crypto,Maximum Sharpe,True,1,0,Optimization terminated successfully,4,-2.7664147903044,6.661338147750939e-16,0.0,0.0,0.0,0.11920313881095965,False,,False,
2021-03-01,crypto_risk_parity,Crypto,Risk Parity,True,1,0,Optimization terminated successfully,14,3.505193423568726e-13,2.220446049250313e-16,0.0,0.0,0.0,0.11920313881095965,False,,False,
2021-03-01,combined_equal_weight,Combined,Equal Weight,True,0,0,deterministic_equal_weight,0,0.0,0.0,0.0,0.0,0.0,0.0,False,,False,
2021-03-01,combined_minimum_variance,Combined,Minimum Variance,True,1,0,Optimization terminated successfully,30,0.05782613593798498,4.440892098500626e-16,0.0,0.0,0.0,0.008621972451066686,False,,False,
2021-03-01,combined_maximum_sharpe,Combined,Maximum Sharpe,True,1,0,Optimization terminated successfully,15,-3.1416708809654903,1.8673951274195133e-13,0.0,0.0,0.0,0.008621972451066686,False,,False,
2021-03-01,combined_risk_parity,Combined,Risk Parity,True,1,0,Optimization terminated successfully,19,9.996526085147201e-14,0.0,0.0,0.0,0.0,0.008621972451066686,False,,False,
2021-04-01,equity_equal_weight,Equity,Equal Weight,True,0,0,deterministic_equal_weight,0,0.0,0.0,0.0,0.0,0.0,0.0,False,,False,
2021-04-01,equity_minimum_variance,Equity,Minimum Variance,True,1,0,Optimization terminated successfully,32,0.021173663210789617,2.220446049250313e-16,0.0,0.0,0.0,0.008825305577195821,False,,False,
2021-04-01,equity_maximum_sharpe,Equity,Maximum Sharpe,True,1,0,Optimization terminated successfully,24,-3.230012191596598,9.992007221626409e-15,0.0,0.0,0.0,0.008825305577195821,False,,False,
2021-04-01,equity_risk_parity,Equity,Risk Parity,True,1,0,Optimization terminated successfully,20,1.817314713586937e-13,0.0,0.0,0.0,0.0,0.008825305577195821,False,,False,
2021-04-01,crypto_equal_weight,Crypto,Equal Weight,True,0,0,deterministic_equal_weight,0,0.0,0.0,0.0,0.0,0.0,0.0,False,,False,
2021-04-01,crypto_minimum_variance,Crypto,Minimum Variance,True,1,0,Optimization terminated successfully,12,0.5423883950239662,2.220446049250313e-16,0.0,0.0,0.0,0.12798993145229284,False,,False,
2021-04-01,crypto_maximum_sharpe,Crypto,Maximum Sharpe,True,1,0,Optimization terminated successfully,10,-3.874309319171874,6.661338147750939e-16,0.0,0.0,0.0,0.12798993145229284,False,,False,
2021-04-01,crypto_risk_parity,Crypto,Risk Parity,True,1,0,Optimization terminated successfully,14,1.2880239843977577e-13,0.0,0.0,0.0,0.0,0.12798993145229284,False,,False,
2021-04-01,combined_equal_weight,Combined,Equal Weight,True,0,0,deterministic_equal_weight,0,0.0,0.0,0.0,0.0,0.0,0.0,False,,False,
2021-04-01,combined_minimum_variance,Combined,Minimum Variance,True,1,0,Optimization terminated successfully,32,0.021030925899042766,2.220446049250313e-16,0.0,0.0,0.0,0.008177958453067737,False,,False,
2021-04-01,combined_maximum_sharpe,Combined,Maximum Sharpe,True,1,0,Optimization terminated successfully,28,-4.390845989213807,6.004086117172847e-13,0.0,0.0,0.0,0.008177958453067737,False,,False,
2021-04-01,combined_risk_parity,Combined,Risk Parity,True,1,0,Optimization terminated successfully,25,3.2811694436629275e-13,0.0,0.0,0.0,0.0,0.008177958453067737,False,,False,
2021-05-01,crypto_equal_weight,Crypto,Equal Weight,True,0,0,deterministic_equal_weight,0,0.0,0.0,0.0,0.0,0.0,0.0,False,,False,
2021-05-01,crypto_minimum_variance,Crypto,Minimum Variance,True,1,0,Optimization terminated successfully,11,0.5739552773381374,0.0,0.0,0.0,0.0,0.13240618869477563,False,,False,
2021-05-01,crypto_maximum_sharpe,Crypto,Maximum Sharpe,True,1,0,Optimization terminated successfully,8,-3.756705153895386,0.0,0.0,0.0,0.0,0.13240618869477563,False,,False,
2021-05-01,crypto_risk_parity,Crypto,Risk Parity,True,1,0,Optimization terminated successfully,17,4.34883782218986e-14,0.0,0.0,0.0,0.0,0.13240618869477563,False,,False,
2021-05-03,equity_equal_weight,Equity,Equal Weight,True,0,0,deterministic_equal_weight,0,0.0,0.0,0.0,0.0,0.0,0.0,False,,False,
2021-05-03,equity_minimum_variance,Equity,Minimum Variance,True,1,0,Optimization terminated successfully,44,0.014193517041897218,2.220446049250313e-16,0.0,0.0,0.0,0.007553616806945077,False,,False,
2021-05-03,equity_maximum_sharpe,Equity,Maximum Sharpe,True,1,0,Optimization terminated successfully,20,-3.6495167628566656,1.7763568394002505e-14,0.0,0.0,0.0,0.007553616806945077,False,,False,
2021-05-03,equity_risk_parity,Equity,Risk Parity,True,1,0,Optimization terminated successfully,20,2.0357865467004674e-13,0.0,0.0,0.0,0.0,0.007553616806945077,False,,False,
2021-05-03,combined_equal_weight,Combined,Equal Weight,True,0,0,deterministic_equal_weight,0,0.0,0.0,0.0,0.0,0.0,0.0,False,,False,
2021-05-03,combined_minimum_variance,Combined,Minimum Variance,True,1,0,Optimization terminated successfully,43,0.014063031798578391,1.1102230246251565e-16,0.0,0.0,0.0,0.007002131705999288,False,,False,
2021-05-03,combined_maximum_sharpe,Combined,Maximum Sharpe,True,1,0,Optimization terminated successfully,24,-4.590191235748058,6.801226248853709e-13,0.0,0.0,0.0,0.007002131705999288,False,,False,
2021-05-03,combined_risk_parity,Combined,Risk Parity,True,1,0,Optimization terminated successfully,28,1.0725801071476066e-13,1.1102230246251565e-16,0.0,0.0,0.0,0.007002131705999288,False,,False,
2021-06-01,equity_equal_weight,Equity,Equal Weight,True,0,0,deterministic_equal_weight,0,0.0,0.0,0.0,0.0,0.0,0.0,False,,False,
2021-06-01,equity_minimum_variance,Equity,Minimum Variance,True,1,0,Optimization terminated successfully,46,0.013001110519747183,2.220446049250313e-16,0.0,0.0,0.0,0.0067117592845747425,False,,False,
2021-06-01,equity_maximum_sharpe,Equity,Maximum Sharpe,True,1,0,Optimization terminated successfully,15,-3.8155633640299516,1.2212453270876722e-14,0.0,0.0,0.0,0.0067117592845747425,False,,False,
2021-06-01,equity_risk_parity,Equity,Risk Parity,True,1,0,Optimization terminated successfully,19,2.053101441250751e-13,0.0,0.0,0.0,0.0,0.0067117592845747425,False,,False,
2021-06-01,crypto_equal_weight,Crypto,Equal Weight,True,0,0,deterministic_equal_weight,0,0.0,0.0,0.0,0.0,0.0,0.0,False,,False,
2021-06-01,crypto_minimum_variance,Crypto,Minimum Variance,True,1,0,Optimization terminated successfully,8,0.8203808813614482,0.0,0.0,0.0,0.0,0.14966011691818604,False,,False,
2021-06-01,crypto_maximum_sharpe,Crypto,Maximum Sharpe,True,1,0,Optimization terminated successfully,6,-3.1320567470356746,3.708144902248023e-14,0.0,0.0,0.0,0.14966011691818604,False,,False,
2021-06-01,crypto_risk_parity,Crypto,Risk Parity,True,1,0,Optimization terminated successfully,14,1.8802040304427044e-13,2.220446049250313e-16,0.0,0.0,0.0,0.14966011691818604,False,,False,
2021-06-01,combined_equal_weight,Combined,Equal Weight,True,0,0,deterministic_equal_weight,0,0.0,0.0,0.0,0.0,0.0,0.0,False,,False,
2021-06-01,combined_minimum_variance,Combined,Minimum Variance,True,1,0,Optimization terminated successfully,45,0.012979771095032382,0.0,0.0,0.0,0.0,0.006325682226190534,False,,False,
2021-06-01,combined_maximum_sharpe,Combined,Maximum Sharpe,True,1,0,Optimization terminated successfully,32,-4.18197798077432,1.0649259252204502e-12,0.0,0.0,0.0,0.006325682226190534,False,,False,
2021-06-01,combined_risk_parity,Combined,Risk Parity,True,1,0,Optimization terminated successfully,28,2.333362570909949e-13,0.0,0.0,0.0,0.0,0.006325682226190534,False,,False,
2021-07-01,equity_equal_weight,Equity,Equal Weight,True,0,0,deterministic_equal_weight,0,0.0,0.0,0.0,0.0,0.0,0.0,False,,False,
2021-07-01,equity_minimum_variance,Equity,Minimum Variance,True,1,0,Optimization terminated successfully,46,0.01048013895411535,2.220446049250313e-16,0.0,0.0,0.0,0.005944259114414512,False,,False,
2021-07-01,equity_maximum_sharpe,Equity,Maximum Sharpe,True,1,0,Optimization terminated successfully,22,-4.269195506737281,1.887379141862766e-14,0.0,0.0,0.0,0.005944259114414512,False,,False,
2021-07-01,equity_risk_parity,Equity,Risk Parity,True,1,0,Optimization terminated successfully,18,8.525284067329256e-14,0.0,0.0,0.0,0.0,0.005944259114414512,False,,False,
2021-07-01,crypto_equal_weight,Crypto,Equal Weight,True,0,0,deterministic_equal_weight,0,0.0,0.0,0.0,0.0,0.0,0.0,False,,False,
2021-07-01,crypto_minimum_variance,Crypto,Minimum Variance,True,1,0,Optimization terminated successfully,8,0.8847188947151011,4.440892098500626e-16,0.0,0.0,0.0,0.16711755336779974,False,,False,
2021-07-01,crypto_maximum_sharpe,Crypto,Maximum Sharpe,True,1,0,Optimization terminated successfully,6,-2.8985918496884255,6.794564910705958e-14,0.0,0.0,0.0,0.16711755336779974,False,,False,
2021-07-01,crypto_risk_parity,Crypto,Risk Parity,True,1,0,Optimization terminated successfully,14,1.2034077946771284e-13,0.0,0.0,0.0,0.0,0.16711755336779974,False,,False,
2021-07-01,combined_equal_weight,Combined,Equal Weight,True,0,0,deterministic_equal_weight,0,0.0,0.0,0.0,0.0,0.0,0.0,False,,False,
2021-07-01,combined_minimum_variance,Combined,Minimum Variance,True,1,0,Optimization terminated successfully,45,0.0104085672606346,0.0,0.0,0.0,0.0,0.005726368424526333,False,,False,
2021-07-01,combined_maximum_sharpe,Combined,Maximum Sharpe,True,1,0,Optimization terminated successfully,29,-4.476204272147781,2.2803980925800715e-13,0.0,0.0,0.0,0.005726368424526333,False,,False,
2021-07-01,combined_risk_parity,Combined,Risk Parity,True,1,0,Optimization terminated successfully,28,1.4987178956605718e-12,0.0,0.0,0.0,0.0,0.005726368424526333,False,,False,
2021-08-01,crypto_equal_weight,Crypto,Equal Weight,True,0,0,deterministic_equal_weight,0,0.0,0.0,0.0,0.0,0.0,0.0,False,,False,
2021-08-01,crypto_minimum_variance,Crypto,Minimum Variance,True,1,0,Optimization terminated successfully,4,0.896850647547074,3.3306690738754696e-16,0.0,0.0,0.0,0.1675348009504639,False,,False,
2021-08-01,crypto_maximum_sharpe,Crypto,Maximum Sharpe,True,1,0,Optimization terminated successfully,5,-2.5550078294691234,0.0,0.0,0.0,0.0,0.1675348009504639,False,,False,
2021-08-01,crypto_risk_parity,Crypto,Risk Parity,True,1,0,Optimization terminated successfully,14,4.169652914125509e-14,0.0,0.0,0.0,0.0,0.1675348009504639,False,,False,
2021-08-02,equity_equal_weight,Equity,Equal Weight,True,0,0,deterministic_equal_weight,0,0.0,0.0,0.0,0.0,0.0,0.0,False,,False,
2021-08-02,equity_minimum_variance,Equity,Minimum Variance,True,1,0,Optimization terminated successfully,49,0.010278595608805194,2.220446049250313e-16,0.0,0.0,0.0,0.0056255317457694,False,,False,
2021-08-02,equity_maximum_sharpe,Equity,Maximum Sharpe,True,1,0,Optimization terminated successfully,20,-4.162485230830516,1.2212453270876722e-14,0.0,0.0,0.0,0.0056255317457694,False,,False,
2021-08-02,equity_risk_parity,Equity,Risk Parity,True,1,0,Optimization terminated successfully,18,9.478431138567257e-14,1.1102230246251565e-16,0.0,0.0,0.0,0.0056255317457694,False,,False,
2021-08-02,combined_equal_weight,Combined,Equal Weight,True,0,0,deterministic_equal_weight,0,0.0,0.0,0.0,0.0,0.0,0.0,False,,False,
2021-08-02,combined_minimum_variance,Combined,Minimum Variance,True,1,0,Optimization terminated successfully,49,0.010214390867110568,0.0,0.0,0.0,0.0,0.004914834618703777,False,,False,
2021-08-02,combined_maximum_sharpe,Combined,Maximum Sharpe,True,1,0,Optimization terminated successfully,24,-4.316793846860453,1.5587531265737198e-13,0.0,0.0,0.0,0.004914834618703777,False,,False,
2021-08-02,combined_risk_parity,Combined,Risk Parity,True,1,0,Optimization terminated successfully,29,8.396413231543139e-14,0.0,0.0,0.0,0.0,0.004914834618703777,False,,False,
2021-09-01,equity_equal_weight,Equity,Equal Weight,True,0,0,deterministic_equal_weight,0,0.0,0.0,0.0,0.0,0.0,0.0,False,,False,
2021-09-01,equity_minimum_variance,Equity,Minimum Variance,True,1,0,Optimization terminated successfully,51,0.01011347533064497,0.0,0.0,0.0,0.0,0.0052449483578377405,False,,False,
2021-09-01,equity_maximum_sharpe,Equity,Maximum Sharpe,True,1,0,Optimization terminated successfully,20,-4.090621816667748,3.8125058665627876e-13,0.0,0.0,0.0,0.0052449483578377405,False,,False,
2021-09-01,equity_risk_parity,Equity,Risk Parity,True,1,0,Optimization terminated successfully,19,5.867472490750471e-14,2.220446049250313e-16,0.0,0.0,0.0,0.0052449483578377405,False,,False,
2021-09-01,crypto_equal_weight,Crypto,Equal Weight,True,0,0,deterministic_equal_weight,0,0.0,0.0,0.0,0.0,0.0,0.0,False,,False,
2021-09-01,crypto_minimum_variance,Crypto,Minimum Variance,True,1,0,Optimization terminated successfully,8,0.9048220149027352,3.3306690738754696e-16,0.0,0.0,0.0,0.1650103617777022,False,,False,
2021-09-01,crypto_maximum_sharpe,Crypto,Maximum Sharpe,True,1,0,Optimization terminated successfully,6,-2.8570522744462874,1.3988810110276972e-14,0.0,0.0,0.0,0.1650103617777022,False,,False,
2021-09-01,crypto_risk_parity,Crypto,Risk Parity,True,1,0,Optimization terminated successfully,14,3.1330190008602864e-14,2.220446049250313e-16,0.0,0.0,0.0,0.1650103617777022,False,,False,
2021-09-01,combined_equal_weight,Combined,Equal Weight,True,0,0,deterministic_equal_weight,0,0.0,0.0,0.0,0.0,0.0,0.0,False,,False,
2021-09-01,combined_minimum_variance,Combined,Minimum Variance,True,1,0,Optimization terminated successfully,48,0.010045825649808656,0.0,0.0,0.0,0.0,0.0047162416297591445,False,,False,
2021-09-01,combined_maximum_sharpe,Combined,Maximum Sharpe,True,1,0,Optimization terminated successfully,27,-4.352245512703399,3.89910326248355e-13,0.0,0.0,0.0,0.0047162416297591445,False,,False,
2021-09-01,combined_risk_parity,Combined,Risk Parity,True,1,0,Optimization terminated successfully,30,1.429076847529693e-13,1.1102230246251565e-16,0.0,0.0,0.0,0.0047162416297591445,False,,False,
2021-10-01,equity_equal_weight,Equity,Equal Weight,True,0,0,deterministic_equal_weight,0,0.0,0.0,0.0,0.0,0.0,0.0,False,,False,
2021-10-01,equity_minimum_variance,Equity,Minimum Variance,True,1,0,Optimization terminated successfully,53,0.00886895953128019,2.220446049250313e-16,0.0,0.0,0.0,0.0046356754214758955,False,,False,
2021-10-01,equity_maximum_sharpe,Equity,Maximum Sharpe,True,1,0,Optimization terminated successfully,22,-3.6534122960777813,4.418687638008123e-14,0.0,0.0,0.0,0.0046356754214758955,False,,False,
2021-10-01,equity_risk_parity,Equity,Risk Parity,True,1,0,Optimization terminated successfully,20,7.897551966768475e-14,1.1102230246251565e-16,0.0,0.0,0.0,0.0046356754214758955,False,,False,
2021-10-01,crypto_equal_weight,Crypto,Equal Weight,True,0,0,deterministic_equal_weight,0,0.0,0.0,0.0,0.0,0.0,0.0,False,,False,
2021-10-01,crypto_minimum_variance,Crypto,Minimum Variance,True,1,0,Optimization terminated successfully,2,0.9370544962651084,8.881784197001252e-16,0.0,0.0,0.0,0.17037439999771872,False,,False,
2021-10-01,crypto_maximum_sharpe,Crypto,Maximum Sharpe,True,1,0,Optimization terminated successfully,6,-2.7972955670156328,3.9968028886505635e-15,0.0,0.0,0.0,0.17037439999771872,False,,False,
2021-10-01,crypto_risk_parity,Crypto,Risk Parity,True,1,0,Optimization terminated successfully,15,4.823174476176338e-14,0.0,0.0,0.0,0.0,0.17037439999771872,False,,False,
2021-10-01,combined_equal_weight,Combined,Equal Weight,True,0,0,deterministic_equal_weight,0,0.0,0.0,0.0,0.0,0.0,0.0,False,,False,
2021-10-01,combined_minimum_variance,Combined,Minimum Variance,True,1,0,Optimization terminated successfully,53,0.00886895953140222,2.220446049250313e-16,0.0,0.0,0.0,0.004268513449650977,False,,False,
2021-10-01,combined_maximum_sharpe,Combined,Maximum Sharpe,True,1,0,Optimization terminated successfully,30,-3.9439250665279766,1.1368683772161603e-13,0.0,0.0,0.0,0.004268513449650977,False,,False,
2021-10-01,combined_risk_parity,Combined,Risk Parity,True,1,0,Optimization terminated successfully,32,9.511689387324107e-14,1.1102230246251565e-16,0.0,0.0,0.0,0.004268513449650977,False,,False,
2021-11-01,equity_equal_weight,Equity,Equal Weight,True,0,0,deterministic_equal_weight,0,0.0,0.0,0.0,0.0,0.0,0.0,False,,False,
2021-11-01,equity_minimum_variance,Equity,Minimum Variance,True,1,0,Optimization terminated successfully,53,0.008417387053986694,2.220446049250313e-16,0.0,0.0,0.0,0.004738087048484743,False,,False,
2021-11-01,equity_maximum_sharpe,Equity,Maximum Sharpe,True,1,0,Optimization terminated successfully,22,-4.70089436094185,4.440892098500626e-14,0.0,0.0,0.0,0.004738087048484743,False,,False,
2021-11-01,equity_risk_parity,Equity,Risk Parity,True,1,0,Optimization terminated successfully,19,1.1210247861568175e-13,0.0,0.0,0.0,0.0,0.004738087048484743,False,,False,
2021-11-01,crypto_equal_weight,Crypto,Equal Weight,True,0,0,deterministic_equal_weight,0,0.0,0.0,0.0,0.0,0.0,0.0,False,,False,
2021-11-01,crypto_minimum_variance,Crypto,Minimum Variance,True,1,0,Optimization terminated successfully,2,0.9511509813501462,6.661338147750939e-16,0.0,0.0,0.0,0.1777798312520822,False,,False,
2021-11-01,crypto_maximum_sharpe,Crypto,Maximum Sharpe,True,1,0,Optimization terminated successfully,9,-2.9253225506089824,1.2434497875801753e-14,0.0,0.0,0.0,0.1777798312520822,False,,False,
2021-11-01,crypto_risk_parity,Crypto,Risk Parity,True,1,0,Optimization terminated successfully,15,1.214034490073179e-14,0.0,0.0,0.0,0.0,0.1777798312520822,False,,False,
2021-11-01,combined_equal_weight,Combined,Equal Weight,True,0,0,deterministic_equal_weight,0,0.0,0.0,0.0,0.0,0.0,0.0,False,,False,
2021-11-01,combined_minimum_variance,Combined,Minimum Variance,True,1,0,Optimization terminated successfully,54,0.008417387054337987,2.220446049250313e-16,0.0,0.0,0.0,0.004091767102442855,False,,False,
2021-11-01,combined_maximum_sharpe,Combined,Maximum Sharpe,True,1,0,Optimization terminated successfully,33,-4.901770089348058,3.481659405224491e-13,0.0,0.0,0.0,0.004091767102442855,False,,False,
2021-11-01,combined_risk_parity,Combined,Risk Parity,True,1,0,Optimization terminated successfully,32,2.617161344268041e-13,0.0,0.0,0.0,0.0,0.004091767102442855,False,,False,
2021-12-01,equity_equal_weight,Equity,Equal Weight,True,0,0,deterministic_equal_weight,0,0.0,0.0,0.0,0.0,0.0,0.0,False,,False,
2021-12-01,equity_minimum_variance,Equity,Minimum Variance,True,1,0,Optimization terminated successfully,61,0.008150005586372185,0.0,0.0,0.0,0.0,0.004292904629262084,False,,False,
2021-12-01,equity_maximum_sharpe,Equity,Maximum Sharpe,True,1,0,Optimization terminated successfully,17,-4.046868675760922,7.882583474838611e-14,0.0,0.0,0.0,0.004292904629262084,False,,False,
2021-12-01,equity_risk_parity,Equity,Risk Parity,True,1,0,Optimization terminated successfully,18,1.7535198378297654e-13,2.220446049250313e-16,0.0,0.0,0.0,0.004292904629262084,False,,False,
2021-12-01,crypto_equal_weight,Crypto,Equal Weight,True,0,0,deterministic_equal_weight,0,0.0,0.0,0.0,0.0,0.0,0.0,False,,False,
2021-12-01,crypto_minimum_variance,Crypto,Minimum Variance,True,1,0,Optimization terminated successfully,5,0.9331827437150385,5.551115123125783e-16,0.0,0.0,0.0,0.1723437431468079,False,,False,
2021-12-01,crypto_maximum_sharpe,Crypto,Maximum Sharpe,True,1,0,Optimization terminated successfully,2,-2.4172859977601187,2.220446049250313e-16,0.0,0.0,0.0,0.1723437431468079,False,,False,
2021-12-01,crypto_risk_parity,Crypto,Risk Parity,True,1,0,Optimization terminated successfully,17,2.1351505816107931e-13,0.0,0.0,0.0,0.0,0.1723437431468079,False,,False,
2021-12-01,combined_equal_weight,Combined,Equal Weight,True,0,0,deterministic_equal_weight,0,0.0,0.0,0.0,0.0,0.0,0.0,False,,False,
2021-12-01,combined_minimum_variance,Combined,Minimum Variance,True,1,0,Optimization terminated successfully,61,0.008150005586425008,0.0,0.0,0.0,0.0,0.00394762836038395,False,,False,
2021-12-01,combined_maximum_sharpe,Combined,Maximum Sharpe,True,1,0,Optimization terminated successfully,29,-4.128894766350546,1.4761525335416081e-12,0.0,0.0,0.0,0.00394762836038395,False,,False,
2021-12-01,combined_risk_parity,Combined,Risk Parity,True,1,0,Optimization terminated successfully,31,6.980147639549345e-14,1.1102230246251565e-16,0.0,0.0,0.0,0.00394762836038395,False,,False,
2022-01-01,crypto_equal_weight,Crypto,Equal Weight,True,0,0,deterministic_equal_weight,0,0.0,0.0,0.0,0.0,0.0,0.0,False,,False,
2022-01-01,crypto_minimum_variance,Crypto,Minimum Variance,True,1,0,Optimization terminated successfully,8,0.916801540584177,2.220446049250313e-16,0.0,0.0,0.0,0.16234725210218068,False,,False,
2022-01-01,crypto_maximum_sharpe,Crypto,Maximum Sharpe,True,1,0,Optimization terminated successfully,2,-2.250263240735973,2.220446049250313e-16,0.0,0.0,0.0,0.16234725210218068,False,,False,
2022-01-01,crypto_risk_parity,Crypto,Risk Parity,True,1,0,Optimization terminated successfully,15,2.617841294017786e-13,1.1102230246251565e-16,0.0,0.0,0.0,0.16234725210218068,False,,False,
2022-01-03,equity_equal_weight,Equity,Equal Weight,True,0,0,deterministic_equal_weight,0,0.0,0.0,0.0,0.0,0.0,0.0,False,,False,
2022-01-03,equity_minimum_variance,Equity,Minimum Variance,True,1,0,Optimization terminated successfully,61,0.00885172285155096,0.0,0.0,0.0,0.0,0.003981647736762278,False,,False,
2022-01-03,equity_maximum_sharpe,Equity,Maximum Sharpe,True,1,0,Optimization terminated successfully,16,-4.311713644709872,1.1324274851176597e-13,0.0,0.0,0.0,0.003981647736762278,False,,False,
2022-01-03,equity_risk_parity,Equity,Risk Parity,True,1,0,Optimization terminated successfully,17,1.8972470835660777e-13,1.1102230246251565e-16,0.0,0.0,0.0,0.003981647736762278,False,,False,
2022-01-03,combined_equal_weight,Combined,Equal Weight,True,0,0,deterministic_equal_weight,0,0.0,0.0,0.0,0.0,0.0,0.0,False,,False,
2022-01-03,combined_minimum_variance,Combined,Minimum Variance,True,1,0,Optimization terminated successfully,60,0.008851722852079635,0.0,0.0,0.0,0.0,0.00376275679578741,False,,False,
2022-01-03,combined_maximum_sharpe,Combined,Maximum Sharpe,True,1,0,Optimization terminated successfully,24,-4.358272132256041,9.28368493191556e-13,0.0,0.0,0.0,0.00376275679578741,False,,False,
2022-01-03,combined_risk_parity,Combined,Risk Parity,True,1,0,Optimization terminated successfully,32,5.106265100983597e-14,0.0,0.0,0.0,0.0,0.00376275679578741,False,,False,
2022-02-01,equity_equal_weight,Equity,Equal Weight,True,0,0,deterministic_equal_weight,0,0.0,0.0,0.0,0.0,0.0,0.0,False,,False,
2022-02-01,equity_minimum_variance,Equity,Minimum Variance,True,1,0,Optimization terminated successfully,76,0.008830835094551504,0.0,0.0,0.0,0.0,0.003419097658383528,False,,False,
2022-02-01,equity_maximum_sharpe,Equity,Maximum Sharpe,True,1,0,Optimization terminated successfully,18,-4.033912045276401,2.9110047705671604e-13,0.0,0.0,0.0,0.003419097658383528,False,,False,
2022-02-01,equity_risk_parity,Equity,Risk Parity,True,1,0,Optimization terminated successfully,17,1.4464586440418106e-13,0.0,0.0,0.0,0.0,0.003419097658383528,False,,False,
2022-02-01,crypto_equal_weight,Crypto,Equal Weight,True,0,0,deterministic_equal_weight,0,0.0,0.0,0.0,0.0,0.0,0.0,False,,False,
2022-02-01,crypto_minimum_variance,Crypto,Minimum Variance,True,1,0,Optimization terminated successfully,8,0.8356489311608414,0.0,0.0,0.0,0.0,0.1373976003689912,False,,False,
2022-02-01,crypto_maximum_sharpe,Crypto,Maximum Sharpe,True,1,0,Optimization terminated successfully,7,-1.518780943766628,1.1102230246251565e-15,0.0,0.0,0.0,0.1373976003689912,False,,False,
2022-02-01,crypto_risk_parity,Crypto,Risk Parity,True,1,0,Optimization terminated successfully,15,1.8171633181644907e-14,0.0,0.0,0.0,0.0,0.1373976003689912,False,,False,
2022-02-01,combined_equal_weight,Combined,Equal Weight,True,0,0,deterministic_equal_weight,0,0.0,0.0,0.0,0.0,0.0,0.0,False,,False,
2022-02-01,combined_minimum_variance,Combined,Minimum Variance,True,1,0,Optimization terminated successfully,76,0.008830835094661527,4.440892098500626e-16,0.0,0.0,0.0,0.00330442340535664,False,,False,
2022-02-01,combined_maximum_sharpe,Combined,Maximum Sharpe,True,1,0,Optimization terminated successfully,18,-4.082659203580694,7.054357098468245e-13,0.0,0.0,0.0,0.00330442340535664,False,,False,
2022-02-01,combined_risk_parity,Combined,Risk Parity,True,1,0,Optimization terminated successfully,30,3.02565574532201e-13,0.0,0.0,0.0,0.0,0.00330442340535664,False,,False,
2022-03-01,equity_equal_weight,Equity,Equal Weight,True,0,0,deterministic_equal_weight,0,0.0,0.0,0.0,0.0,0.0,0.0,False,,False,
2022-03-01,equity_minimum_variance,Equity,Minimum Variance,True,1,0,Optimization terminated successfully,69,0.00879885936701899,0.0,0.0,0.0,0.0,0.0037566678303621918,False,,False,
2022-03-01,equity_maximum_sharpe,Equity,Maximum Sharpe,True,1,0,Optimization terminated successfully,18,-3.6644292931105267,5.906386491005833e-14,0.0,0.0,0.0,0.0037566678303621918,False,,False,
2022-03-01,equity_risk_parity,Equity,Risk Parity,True,1,0,Optimization terminated successfully,17,6.629202464263177e-14,0.0,0.0,0.0,0.0,0.0037566678303621918,False,,False,
2022-03-01,crypto_equal_weight,Crypto,Equal Weight,True,0,0,deterministic_equal_weight,0,0.0,0.0,0.0,0.0,0.0,0.0,False,,False,
2022-03-01,crypto_minimum_variance,Crypto,Minimum Variance,True,1,0,Optimization terminated successfully,7,0.8082907281717921,0.0,0.0,0.0,0.0,0.12112808322020412,False,,False,
2022-03-01,crypto_maximum_sharpe,Crypto,Maximum Sharpe,True,1,0,Optimization terminated successfully,3,-1.2374315386845784,1.1102230246251565e-16,0.0,0.0,0.0,0.12112808322020412,False,,False,
2022-03-01,crypto_risk_parity,Crypto,Risk Parity,True,1,0,Optimization terminated successfully,15,3.228522525885861e-13,0.0,0.0,0.0,0.0,0.12112808322020412,False,,False,
2022-03-01,combined_equal_weight,Combined,Equal Weight,True,0,0,deterministic_equal_weight,0,0.0,0.0,0.0,0.0,0.0,0.0,False,,False,
2022-03-01,combined_minimum_variance,Combined,Minimum Variance,True,1,0,Optimization terminated successfully,68,0.00879885610248107,0.0,0.0,0.0,0.0,0.0036381505377232905,False,,False,
2022-03-01,combined_maximum_sharpe,Combined,Maximum Sharpe,True,1,0,Optimization terminated successfully,22,-3.734789905381886,1.3031797863050087e-12,0.0,0.0,0.0,0.0036381505377232905,False,,False,
2022-03-01,combined_risk_parity,Combined,Risk Parity,True,1,0,Optimization terminated successfully,28,2.2191553077766533e-13,1.1102230246251565e-16,0.0,0.0,0.0,0.0036381505377232905,False,,False,
2022-04-01,equity_equal_weight,Equity,Equal Weight,True,0,0,deterministic_equal_weight,0,0.0,0.0,0.0,0.0,0.0,0.0,False,,False,
2022-04-01,equity_minimum_variance,Equity,Minimum Variance,True,1,0,Optimization terminated successfully,74,0.00864105605280688,0.0,0.0,0.0,0.0,0.0035381722739914814,False,,False,
2022-04-01,equity_maximum_sharpe,Equity,Maximum Sharpe,True,1,0,Optimization terminated successfully,19,-3.9124889033060737,2.2248869413488137e-13,0.0,0.0,0.0,0.0035381722739914814,False,,False,
2022-04-01,equity_risk_parity,Equity,Risk Parity,True,1,0,Optimization terminated successfully,18,9.063520053960329e-14,0.0,0.0,0.0,0.0,0.0035381722739914814,False,,False,
2022-04-01,crypto_equal_weight,Crypto,Equal Weight,True,0,0,deterministic_equal_weight,0,0.0,0.0,0.0,0.0,0.0,0.0,False,,False,
2022-04-01,crypto_minimum_variance,Crypto,Minimum Variance,True,1,0,Optimization terminated successfully,4,0.7877888456541533,2.220446049250313e-16,0.0,0.0,0.0,0.11740892728364123,False,,False,
2022-04-01,crypto_maximum_sharpe,Crypto,Maximum Sharpe,True,1,0,Optimization terminated successfully,7,-1.0587992477459462,2.220446049250313e-16,0.0,0.0,0.0,0.11740892728364123,False,,False,
2022-04-01,crypto_risk_parity,Crypto,Risk Parity,True,1,0,Optimization terminated successfully,15,2.220646754505447e-13,0.0,0.0,0.0,0.0,0.11740892728364123,False,,False,
2022-04-01,combined_equal_weight,Combined,Equal Weight,True,0,0,deterministic_equal_weight,0,0.0,0.0,0.0,0.0,0.0,0.0,False,,False,
2022-04-01,combined_minimum_variance,Combined,Minimum Variance,True,1,0,Optimization terminated successfully,74,0.008640810106413866,2.220446049250313e-16,0.0,0.0,0.0,0.003399063671482965,False,,False,
2022-04-01,combined_maximum_sharpe,Combined,Maximum Sharpe,True,1,0,Optimization terminated successfully,26,-3.974602170667951,2.9674041002181184e-12,0.0,0.0,0.0,0.003399063671482965,False,,False,
2022-04-01,combined_risk_parity,Combined,Risk Parity,True,1,0,Optimization terminated successfully,30,1.370116939747524e-13,0.0,0.0,0.0,0.0,0.003399063671482965,False,,False,
2022-05-01,crypto_equal_weight,Crypto,Equal Weight,True,0,0,deterministic_equal_weight,0,0.0,0.0,0.0,0.0,0.0,0.0,False,,False,
2022-05-01,crypto_minimum_variance,Crypto,Minimum Variance,True,1,0,Optimization terminated successfully,9,0.7375393676495956,3.3306690738754696e-16,0.0,0.0,0.0,0.10410295830907941,False,,False,
2022-05-01,crypto_maximum_sharpe,Crypto,Maximum Sharpe,True,1,0,Optimization terminated successfully,6,-0.14102048034521233,0.0,0.0,0.0,0.0,0.10410295830907941,False,,False,
2022-05-01,crypto_risk_parity,Crypto,Risk Parity,True,1,0,Optimization terminated successfully,15,4.998466395748438e-14,0.0,0.0,0.0,0.0,0.10410295830907941,False,,False,
2022-05-02,equity_equal_weight,Equity,Equal Weight,True,0,0,deterministic_equal_weight,0,0.0,0.0,0.0,0.0,0.0,0.0,False,,False,
2022-05-02,equity_minimum_variance,Equity,Minimum Variance,True,1,0,Optimization terminated successfully,59,0.010374606106186714,0.0,0.0,0.0,0.0,0.0038975417979920553,False,,False,
2022-05-02,equity_maximum_sharpe,Equity,Maximum Sharpe,True,1,0,Optimization terminated successfully,17,-2.903355671936738,3.9102054927298013e-13,0.0,0.0,0.0,0.0038975417979920553,False,,False,
2022-05-02,equity_risk_parity,Equity,Risk Parity,True,1,0,Optimization terminated successfully,17,8.06543847388914e-14,2.220446049250313e-16,0.0,0.0,0.0,0.0038975417979920553,False,,False,
2022-05-02,combined_equal_weight,Combined,Equal Weight,True,0,0,deterministic_equal_weight,0,0.0,0.0,0.0,0.0,0.0,0.0,False,,False,
2022-05-02,combined_minimum_variance,Combined,Minimum Variance,True,1,0,Optimization terminated successfully,57,0.010374606109273706,0.0,0.0,0.0,0.0,0.0037553491323852645,False,,False,
2022-05-02,combined_maximum_sharpe,Combined,Maximum Sharpe,True,1,0,Optimization terminated successfully,22,-2.903355671934065,2.4136248555350903e-13,0.0,0.0,0.0,0.0037553491323852645,False,,False,
2022-05-02,combined_risk_parity,Combined,Risk Parity,True,1,0,Optimization terminated successfully,29,4.7336710523115195e-14,0.0,0.0,0.0,0.0,0.0037553491323852645,False,,False,
2022-06-01,equity_equal_weight,Equity,Equal Weight,True,0,0,deterministic_equal_weight,0,0.0,0.0,0.0,0.0,0.0,0.0,False,,False,
2022-06-01,equity_minimum_variance,Equity,Minimum Variance,True,1,0,Optimization terminated successfully,58,0.01160978592812931,0.0,0.0,0.0,0.0,0.0035553406145185625,False,,False,
2022-06-01,equity_maximum_sharpe,Equity,Maximum Sharpe,True,1,0,Optimization terminated successfully,20,-2.7301962228638272,4.722888746755416e-13,0.0,0.0,0.0,0.0035553406145185625,False,,False,
2022-06-01,equity_risk_parity,Equity,Risk Parity,True,1,0,Optimization terminated successfully,18,1.925686671790547e-13,0.0,0.0,0.0,0.0,0.0035553406145185625,False,,False,
2022-06-01,crypto_equal_weight,Crypto,Equal Weight,True,0,0,deterministic_equal_weight,0,0.0,0.0,0.0,0.0,0.0,0.0,False,,False,
2022-06-01,crypto_minimum_variance,Crypto,Minimum Variance,True,1,0,Optimization terminated successfully,9,0.5562560214342792,0.0,0.0,0.0,0.0,0.06191186182408915,False,,False,
2022-06-01,crypto_maximum_sharpe,Crypto,Maximum Sharpe,True,1,0,Optimization terminated successfully,5,0.10212182304686944,6.661338147750939e-15,0.0,0.0,0.0,0.06191186182408915,False,,False,
2022-06-01,crypto_risk_parity,Crypto,Risk Parity,True,1,0,Optimization terminated successfully,12,7.173224688129556e-14,0.0,0.0,0.0,0.0,0.06191186182408915,False,,False,
2022-06-01,combined_equal_weight,Combined,Equal Weight,True,0,0,deterministic_equal_weight,0,0.0,0.0,0.0,0.0,0.0,0.0,False,,False,
2022-06-01,combined_minimum_variance,Combined,Minimum Variance,True,1,0,Optimization terminated successfully,58,0.011577437308930445,0.0,0.0,0.0,0.0,0.0033850619496959434,False,,False,
2022-06-01,combined_maximum_sharpe,Combined,Maximum Sharpe,True,2,0,Optimization terminated successfully,22,-2.7301962228599677,6.389555551322701e-12,0.0,0.0,0.0,0.0033850619496959434,True,,False,
2022-06-01,combined_risk_parity,Combined,Risk Parity,True,1,0,Optimization terminated successfully,29,3.138330654787535e-13,1.1102230246251565e-16,0.0,0.0,0.0,0.0033850619496959434,False,,False,
2022-07-01,equity_equal_weight,Equity,Equal Weight,True,0,0,deterministic_equal_weight,0,0.0,0.0,0.0,0.0,0.0,0.0,False,,False,
2022-07-01,equity_minimum_variance,Equity,Minimum Variance,True,1,0,Optimization terminated successfully,56,0.013756729969805735,2.220446049250313e-16,0.0,0.0,0.0,0.003556315077976593,False,,False,
2022-07-01,equity_maximum_sharpe,Equity,Maximum Sharpe,True,1,0,Optimization terminated successfully,14,-2.110798426472513,9.834355552129637e-13,0.0,0.0,0.0,0.003556315077976593,False,,False,
2022-07-01,equity_risk_parity,Equity,Risk Parity,True,1,0,Optimization terminated successfully,18,1.6725039081426908e-13,0.0,0.0,0.0,0.0,0.003556315077976593,False,,False,
2022-07-01,crypto_equal_weight,Crypto,Equal Weight,True,0,0,deterministic_equal_weight,0,0.0,0.0,0.0,0.0,0.0,0.0,False,,False,
2022-07-01,crypto_minimum_variance,Crypto,Minimum Variance,True,1,0,Optimization terminated successfully,5,0.5330398860816961,0.0,0.0,0.0,0.0,0.05755114524186048,False,,False,
2022-07-01,crypto_maximum_sharpe,Crypto,Maximum Sharpe,True,1,0,Optimization terminated successfully,6,0.3469114931690814,0.0,0.0,0.0,0.0,0.05755114524186048,False,,False,
2022-07-01,crypto_risk_parity,Crypto,Risk Parity,True,1,0,Optimization terminated successfully,12,1.1923577611252383e-13,0.0,0.0,0.0,0.0,0.05755114524186048,False,,False,
2022-07-01,combined_equal_weight,Combined,Equal Weight,True,0,0,deterministic_equal_weight,0,0.0,0.0,0.0,0.0,0.0,0.0,False,,False,
2022-07-01,combined_minimum_variance,Combined,Minimum Variance,True,1,0,Optimization terminated successfully,57,0.013756729968706864,2.220446049250313e-16,0.0,0.0,0.0,0.0033585772951303136,False,,False,
2022-07-01,combined_maximum_sharpe,Combined,Maximum Sharpe,True,2,0,Optimization terminated successfully,19,-2.1107984264722446,8.884004643050503e-13,0.0,0.0,0.0,0.0033585772951303136,True,,False,
2022-07-01,combined_risk_parity,Combined,Risk Parity,True,1,0,Optimization terminated successfully,29,4.904802942943789e-13,2.220446049250313e-16,0.0,0.0,0.0,0.0033585772951303136,False,,False,
2022-08-01,equity_equal_weight,Equity,Equal Weight,True,0,0,deterministic_equal_weight,0,0.0,0.0,0.0,0.0,0.0,0.0,False,,False,
2022-08-01,equity_minimum_variance,Equity,Minimum Variance,True,1,0,Optimization terminated successfully,54,0.01424578545049056,2.220446049250313e-16,0.0,0.0,0.0,0.0036145147230526053,False,,False,
2022-08-01,equity_maximum_sharpe,Equity,Maximum Sharpe,True,1,0,Optimization terminated successfully,12,-2.309349591588961,3.497202527569243e-13,0.0,0.0,0.0,0.0036145147230526053,False,,False,
2022-08-01,equity_risk_parity,Equity,Risk Parity,True,1,0,Optimization terminated successfully,17,1.2257090385717833e-13,0.0,0.0,0.0,0.0,0.0036145147230526053,False,,False,
2022-08-01,crypto_equal_weight,Crypto,Equal Weight,True,0,0,deterministic_equal_weight,0,0.0,0.0,0.0,0.0,0.0,0.0,False,,False,
2022-08-01,crypto_minimum_variance,Crypto,Minimum Variance,True,1,0,Optimization terminated successfully,10,0.5449158831391594,1.1102230246251565e-16,0.0,0.0,0.0,0.059092912994826635,False,,False,
2022-08-01,crypto_maximum_sharpe,Crypto,Maximum Sharpe,True,1,0,Optimization terminated successfully,5,-0.015208257634060949,0.0,0.0,0.0,0.0,0.059092912994826635,False,,False,
2022-08-01,crypto_risk_parity,Crypto,Risk Parity,True,1,0,Optimization terminated successfully,9,8.265306712333114e-14,0.0,0.0,0.0,0.0,0.059092912994826635,False,,False,
2022-08-01,combined_equal_weight,Combined,Equal Weight,True,0,0,deterministic_equal_weight,0,0.0,0.0,0.0,0.0,0.0,0.0,False,,False,
2022-08-01,combined_minimum_variance,Combined,Minimum Variance,True,1,0,Optimization terminated successfully,54,0.014245785450585292,0.0,0.0,0.0,0.0,0.0034678978826719327,False,,False,
2022-08-01,combined_maximum_sharpe,Combined,Maximum Sharpe,True,1,0,Optimization terminated successfully,20,-2.3093495915879854,2.1238566461079245e-12,0.0,0.0,0.0,0.0034678978826719327,False,,False,
2022-08-01,combined_risk_parity,Combined,Risk Parity,True,1,0,Optimization terminated successfully,28,9.22984211318841e-14,0.0,0.0,0.0,0.0,0.0034678978826719327,False,,False,
2022-09-01,equity_equal_weight,Equity,Equal Weight,True,0,0,deterministic_equal_weight,0,0.0,0.0,0.0,0.0,0.0,0.0,False,,False,
2022-09-01,equity_minimum_variance,Equity,Minimum Variance,True,1,0,Optimization terminated successfully,56,0.014983617756276187,2.220446049250313e-16,0.0,0.0,0.0,0.0035303099619971873,False,,False,
2022-09-01,equity_maximum_sharpe,Equity,Maximum Sharpe,True,1,0,Optimization terminated successfully,13,-2.3281896079819444,8.322231792590173e-13,0.0,0.0,0.0,0.0035303099619971873,False,,False,
2022-09-01,equity_risk_parity,Equity,Risk Parity,True,1,0,Optimization terminated successfully,17,8.967620831397663e-14,1.1102230246251565e-16,0.0,0.0,0.0,0.0035303099619971873,False,,False,
2022-09-01,crypto_equal_weight,Crypto,Equal Weight,True,0,0,deterministic_equal_weight,0,0.0,0.0,0.0,0.0,0.0,0.0,False,,False,
2022-09-01,crypto_minimum_variance,Crypto,Minimum Variance,True,1,0,Optimization terminated successfully,8,0.514701817490556,0.0,0.0,0.0,0.0,0.0582452355260051,False,,False,
2022-09-01,crypto_maximum_sharpe,Crypto,Maximum Sharpe,True,1,0,Optimization terminated successfully,5,0.4718787952647678,3.3306690738754696e-16,0.0,0.0,0.0,0.0582452355260051,False,,False,
2022-09-01,crypto_risk_parity,Crypto,Risk Parity,True,1,0,Optimization terminated successfully,10,8.707252429858423e-14,1.1102230246251565e-16,0.0,0.0,0.0,0.0582452355260051,False,,False,
2022-09-01,combined_equal_weight,Combined,Equal Weight,True,0,0,deterministic_equal_weight,0,0.0,0.0,0.0,0.0,0.0,0.0,False,,False,
2022-09-01,combined_minimum_variance,Combined,Minimum Variance,True,1,0,Optimization terminated successfully,55,0.014983617756379798,0.0,0.0,0.0,0.0,0.0034107774621616807,False,,False,
2022-09-01,combined_maximum_sharpe,Combined,Maximum Sharpe,True,1,0,Optimization terminated successfully,17,-2.3281896079796693,3.9257486150745535e-13,0.0,0.0,0.0,0.0034107774621616807,False,,False,
2022-09-01,combined_risk_parity,Combined,Risk Parity,True,1,0,Optimization terminated successfully,27,1.9861219585223906e-13,1.1102230246251565e-16,0.0,0.0,0.0,0.0034107774621616807,False,,False,
2022-10-01,crypto_equal_weight,Crypto,Equal Weight,True,0,0,deterministic_equal_weight,0,0.0,0.0,0.0,0.0,0.0,0.0,False,,False,
2022-10-01,crypto_minimum_variance,Crypto,Minimum Variance,True,1,0,Optimization terminated successfully,8,0.46401212202386655,0.0,0.0,0.0,0.0,0.060827013556314605,False,,False,
2022-10-01,crypto_maximum_sharpe,Crypto,Maximum Sharpe,True,1,0,Optimization terminated successfully,3,0.3662705982026075,0.0,0.0,0.0,0.0,0.060827013556314605,False,,False,
2022-10-01,crypto_risk_parity,Crypto,Risk Parity,True,1,0,Optimization terminated successfully,11,3.1314687139590026e-13,0.0,0.0,0.0,0.0,0.060827013556314605,False,,False,
2022-10-03,equity_equal_weight,Equity,Equal Weight,True,0,0,deterministic_equal_weight,0,0.0,0.0,0.0,0.0,0.0,0.0,False,,False,
2022-10-03,equity_minimum_variance,Equity,Minimum Variance,True,1,0,Optimization terminated successfully,47,0.017278032666803732,1.1102230246251565e-16,0.0,0.0,0.0,0.0034785672905820616,False,,False,
2022-10-03,equity_maximum_sharpe,Equity,Maximum Sharpe,True,1,0,Optimization terminated successfully,13,-1.9129423097848488,3.3240077357277187e-13,0.0,0.0,0.0,0.0034785672905820616,False,,False,
2022-10-03,equity_risk_parity,Equity,Risk Parity,True,1,0,Optimization terminated successfully,17,6.883997052475636e-14,0.0,0.0,0.0,0.0,0.0034785672905820616,False,,False,
2022-10-03,combined_equal_weight,Combined,Equal Weight,True,0,0,deterministic_equal_weight,0,0.0,0.0,0.0,0.0,0.0,0.0,False,,False,
2022-10-03,combined_minimum_variance,Combined,Minimum Variance,True,1,0,Optimization terminated successfully,49,0.017278032665496948,2.220446049250313e-16,0.0,0.0,0.0,0.003275511228220385,False,,False,
2022-10-03,combined_maximum_sharpe,Combined,Maximum Sharpe,True,1,0,Optimization terminated successfully,16,-1.9129423097857345,5.902611732722107e-12,0.0,0.0,0.0,0.003275511228220385,False,,False,
2022-10-03,combined_risk_parity,Combined,Risk Parity,True,1,0,Optimization terminated successfully,26,2.337983398434492e-13,0.0,0.0,0.0,0.0,0.003275511228220385,False,,False,
2022-11-01,equity_equal_weight,Equity,Equal Weight,True,0,0,deterministic_equal_weight,0,0.0,0.0,0.0,0.0,0.0,0.0,False,,False,
2022-11-01,equity_minimum_variance,Equity,Minimum Variance,True,1,0,Optimization terminated successfully,44,0.019888890654807364,2.220446049250313e-16,0.0,0.0,0.0,0.0036917031725312004,False,,False,
2022-11-01,equity_maximum_sharpe,Equity,Maximum Sharpe,True,1,0,Optimization terminated successfully,14,-2.3751491678418177,7.038813976123492e-14,0.0,0.0,0.0,0.0036917031725312004,False,,False,
2022-11-01,equity_risk_parity,Equity,Risk Parity,True,1,0,Optimization terminated successfully,17,2.353678089235552e-13,1.1102230246251565e-16,0.0,0.0,0.0,0.0036917031725312004,False,,False,
2022-11-01,crypto_equal_weight,Crypto,Equal Weight,True,0,0,deterministic_equal_weight,0,0.0,0.0,0.0,0.0,0.0,0.0,False,,False,
2022-11-01,crypto_minimum_variance,Crypto,Minimum Variance,True,1,0,Optimization terminated successfully,6,0.4367440635488436,0.0,0.0,0.0,0.0,0.052049874459894126,False,,False,
2022-11-01,crypto_maximum_sharpe,Crypto,Maximum Sharpe,True,1,0,Optimization terminated successfully,4,0.6591061756317894,2.220446049250313e-16,0.0,0.0,0.0,0.052049874459894126,False,,False,
2022-11-01,crypto_risk_parity,Crypto,Risk Parity,True,1,0,Optimization terminated successfully,11,1.141673961389304e-13,0.0,0.0,0.0,0.0,0.052049874459894126,False,,False,
2022-11-01,combined_equal_weight,Combined,Equal Weight,True,0,0,deterministic_equal_weight,0,0.0,0.0,0.0,0.0,0.0,0.0,False,,False,
2022-11-01,combined_minimum_variance,Combined,Minimum Variance,True,1,0,Optimization terminated successfully,46,0.019875113892821438,2.220446049250313e-16,0.0,0.0,0.0,0.0035629297192791916,False,,False,
2022-11-01,combined_maximum_sharpe,Combined,Maximum Sharpe,True,1,0,Optimization terminated successfully,25,-2.3751491678418986,1.5010215292932116e-13,0.0,0.0,0.0,0.0035629297192791916,False,,False,
2022-11-01,combined_risk_parity,Combined,Risk Parity,True,1,0,Optimization terminated successfully,26,6.215965668481373e-14,1.1102230246251565e-16,0.0,0.0,0.0,0.0035629297192791916,False,,False,
2022-12-01,equity_equal_weight,Equity,Equal Weight,True,0,0,deterministic_equal_weight,0,0.0,0.0,0.0,0.0,0.0,0.0,False,,False,
2022-12-01,equity_minimum_variance,Equity,Minimum Variance,True,1,0,Optimization terminated successfully,52,0.019918847184544158,0.0,0.0,0.0,0.0,0.003739044815052062,False,,False,
2022-12-01,equity_maximum_sharpe,Equity,Maximum Sharpe,True,1,0,Optimization terminated successfully,20,-2.9904166077482714,2.502442697505103e-13,0.0,0.0,0.0,0.003739044815052062,False,,False,
2022-12-01,equity_risk_parity,Equity,Risk Parity,True,1,0,Optimization terminated successfully,19,1.4251434140260458e-13,0.0,0.0,0.0,0.0,0.003739044815052062,False,,False,
2022-12-01,crypto_equal_weight,Crypto,Equal Weight,True,0,0,deterministic_equal_weight,0,0.0,0.0,0.0,0.0,0.0,0.0,False,,False,
2022-12-01,crypto_minimum_variance,Crypto,Minimum Variance,True,1,0,Optimization terminated successfully,10,0.4696178928336674,4.440892098500626e-16,0.0,0.0,0.0,0.04847258196819518,False,,False,
2022-12-01,crypto_maximum_sharpe,Crypto,Maximum Sharpe,True,1,0,Optimization terminated successfully,4,0.6427195872904781,1.1102230246251565e-16,0.0,0.0,0.0,0.04847258196819518,False,,False,
2022-12-01,crypto_risk_parity,Crypto,Risk Parity,True,1,0,Optimization terminated successfully,12,3.975237711550317e-13,2.220446049250313e-16,0.0,0.0,0.0,0.04847258196819518,False,,False,
2022-12-01,combined_equal_weight,Combined,Equal Weight,True,0,0,deterministic_equal_weight,0,0.0,0.0,0.0,0.0,0.0,0.0,False,,False,
2022-12-01,combined_minimum_variance,Combined,Minimum Variance,True,1,0,Optimization terminated successfully,51,0.019918847184392574,2.220446049250313e-16,0.0,0.0,0.0,0.003491621173603805,False,,False,
2022-12-01,combined_maximum_sharpe,Combined,Maximum Sharpe,True,1,0,Optimization terminated successfully,16,-2.99041660774816,6.372680161348399e-14,0.0,0.0,0.0,0.003491621173603805,False,,False,
2022-12-01,combined_risk_parity,Combined,Risk Parity,True,1,0,Optimization terminated successfully,28,2.572839939864397e-13,0.0,0.0,0.0,0.0,0.003491621173603805,False,,False,
2023-01-01,crypto_equal_weight,Crypto,Equal Weight,True,0,0,deterministic_equal_weight,0,0.0,0.0,0.0,0.0,0.0,0.0,False,,False,
2023-01-01,crypto_minimum_variance,Crypto,Minimum Variance,True,1,0,Optimization terminated successfully,10,0.4397477057316205,0.0,0.0,0.0,0.0,0.04465434075717223,False,,False,
2023-01-01,crypto_maximum_sharpe,Crypto,Maximum Sharpe,True,1,0,Optimization terminated successfully,3,0.48908486718060235,0.0,0.0,0.0,0.0,0.04465434075717223,False,,False,
2023-01-01,crypto_risk_parity,Crypto,Risk Parity,True,1,0,Optimization terminated successfully,12,1.2262350340930114e-13,0.0,0.0,0.0,0.0,0.04465434075717223,False,,False,
2023-01-03,equity_equal_weight,Equity,Equal Weight,True,0,0,deterministic_equal_weight,0,0.0,0.0,0.0,0.0,0.0,0.0,False,,False,
2023-01-03,equity_minimum_variance,Equity,Minimum Variance,True,1,0,Optimization terminated successfully,51,0.020171741327914616,2.220446049250313e-16,0.0,0.0,0.0,0.003701296333409313,False,,False,
2023-01-03,equity_maximum_sharpe,Equity,Maximum Sharpe,True,1,0,Optimization terminated successfully,16,-2.4003283694153157,3.6415315207705135e-14,0.0,0.0,0.0,0.003701296333409313,False,,False,
2023-01-03,equity_risk_parity,Equity,Risk Parity,True,1,0,Optimization terminated successfully,19,2.0141248553733251e-13,2.220446049250313e-16,0.0,0.0,0.0,0.003701296333409313,False,,False,
2023-01-03,combined_equal_weight,Combined,Equal Weight,True,0,0,deterministic_equal_weight,0,0.0,0.0,0.0,0.0,0.0,0.0,False,,False,
2023-01-03,combined_minimum_variance,Combined,Minimum Variance,True,1,0,Optimization terminated successfully,51,0.02016966113486438,0.0,0.0,0.0,0.0,0.0034945965884781716,False,,False,
2023-01-03,combined_maximum_sharpe,Combined,Maximum Sharpe,True,1,0,Optimization terminated successfully,17,-2.4003283694093374,2.403410803708539e-12,0.0,0.0,0.0,0.0034945965884781716,False,,False,
2023-01-03,combined_risk_parity,Combined,Risk Parity,True,1,0,Optimization terminated successfully,28,3.211512514519215e-13,0.0,0.0,0.0,0.0,0.0034945965884781716,False,,False,
2023-02-01,equity_equal_weight,Equity,Equal Weight,True,0,0,deterministic_equal_weight,0,0.0,0.0,0.0,0.0,0.0,0.0,False,,False,
2023-02-01,equity_minimum_variance,Equity,Minimum Variance,True,1,0,Optimization terminated successfully,49,0.02064191223740297,2.220446049250313e-16,0.0,0.0,0.0,0.004056485944817914,False,,False,
2023-02-01,equity_maximum_sharpe,Equity,Maximum Sharpe,True,1,0,Optimization terminated successfully,13,-2.1257334147391704,2.8821389719269064e-13,0.0,0.0,0.0,0.004056485944817914,False,,False,
2023-02-01,equity_risk_parity,Equity,Risk Parity,True,1,0,Optimization terminated successfully,19,1.8736781033141083e-13,0.0,0.0,0.0,0.0,0.004056485944817914,False,,False,
2023-02-01,crypto_equal_weight,Crypto,Equal Weight,True,0,0,deterministic_equal_weight,0,0.0,0.0,0.0,0.0,0.0,0.0,False,,False,
2023-02-01,crypto_minimum_variance,Crypto,Minimum Variance,True,1,0,Optimization terminated successfully,10,0.4244528266841753,1.1102230246251565e-16,0.0,0.0,0.0,0.04326156123329736,False,,False,
2023-02-01,crypto_maximum_sharpe,Crypto,Maximum Sharpe,True,1,0,Optimization terminated successfully,2,-0.19675524585388138,2.220446049250313e-16,0.0,0.0,0.0,0.04326156123329736,False,,False,
2023-02-01,crypto_risk_parity,Crypto,Risk Parity,True,1,0,Optimization terminated successfully,12,7.032973490534993e-13,0.0,0.0,0.0,0.0,0.04326156123329736,False,,False,
2023-02-01,combined_equal_weight,Combined,Equal Weight,True,0,0,deterministic_equal_weight,0,0.0,0.0,0.0,0.0,0.0,0.0,False,,False,
2023-02-01,combined_minimum_variance,Combined,Minimum Variance,True,1,0,Optimization terminated successfully,49,0.02063450870287563,2.220446049250313e-16,0.0,0.0,0.0,0.003811342212294199,False,,False,
2023-02-01,combined_maximum_sharpe,Combined,Maximum Sharpe,True,2,0,Optimization terminated successfully,14,-2.1257334147372298,3.8347103270552907e-13,0.0,0.0,0.0,0.003811342212294199,True,,False,
2023-02-01,combined_risk_parity,Combined,Risk Parity,True,1,0,Optimization terminated successfully,28,1.2530753722795524e-13,1.1102230246251565e-16,0.0,0.0,0.0,0.003811342212294199,False,,False,
2023-03-01,equity_equal_weight,Equity,Equal Weight,True,0,0,deterministic_equal_weight,0,0.0,0.0,0.0,0.0,0.0,0.0,False,,False,
2023-03-01,equity_minimum_variance,Equity,Minimum Variance,True,1,0,Optimization terminated successfully,47,0.020486561215938278,2.220446049250313e-16,0.0,0.0,0.0,0.0036279643706506742,False,,False,
2023-03-01,equity_maximum_sharpe,Equity,Maximum Sharpe,True,1,0,Optimization terminated successfully,20,-1.8197161793752832,6.397105067890152e-13,0.0,0.0,0.0,0.0036279643706506742,False,,False,
2023-03-01,equity_risk_parity,Equity,Risk Parity,True,1,0,Optimization terminated successfully,20,1.9672440678179028e-13,0.0,0.0,0.0,0.0,0.0036279643706506742,False,,False,
2023-03-01,crypto_equal_weight,Crypto,Equal Weight,True,0,0,deterministic_equal_weight,0,0.0,0.0,0.0,0.0,0.0,0.0,False,,False,
2023-03-01,crypto_minimum_variance,Crypto,Minimum Variance,True,1,0,Optimization terminated successfully,6,0.3904337762738982,2.220446049250313e-16,0.0,0.0,0.0,0.03907193754045593,False,,False,
2023-03-01,crypto_maximum_sharpe,Crypto,Maximum Sharpe,True,1,0,Optimization terminated successfully,2,-0.05958153402081189,2.220446049250313e-16,0.0,0.0,0.0,0.03907193754045593,False,,False,
2023-03-01,crypto_risk_parity,Crypto,Risk Parity,True,1,0,Optimization terminated successfully,14,6.182227790656663e-14,1.1102230246251565e-16,0.0,0.0,0.0,0.03907193754045593,False,,False,
2023-03-01,combined_equal_weight,Combined,Equal Weight,True,0,0,deterministic_equal_weight,0,0.0,0.0,0.0,0.0,0.0,0.0,False,,False,
2023-03-01,combined_minimum_variance,Combined,Minimum Variance,True,1,0,Optimization terminated successfully,47,0.020486561215740808,2.220446049250313e-16,0.0,0.0,0.0,0.0032890974076555455,False,,False,
2023-03-01,combined_maximum_sharpe,Combined,Maximum Sharpe,True,1,0,Optimization terminated successfully,19,-1.8197161793747365,4.2299497238218464e-13,0.0,0.0,0.0,0.0032890974076555455,False,,False,
2023-03-01,combined_risk_parity,Combined,Risk Parity,True,1,0,Optimization terminated successfully,28,1.3353588942263924e-13,0.0,0.0,0.0,0.0,0.0032890974076555455,False,,False,
2023-04-01,crypto_equal_weight,Crypto,Equal Weight,True,0,0,deterministic_equal_weight,0,0.0,0.0,0.0,0.0,0.0,0.0,False,,False,
2023-04-01,crypto_minimum_variance,Crypto,Minimum Variance,True,1,0,Optimization terminated successfully,11,0.4048354886300563,0.0,0.0,0.0,0.0,0.04009823592549134,False,,False,
2023-04-01,crypto_maximum_sharpe,Crypto,Maximum Sharpe,True,1,0,Optimization terminated successfully,3,0.10532408464383984,0.0,0.0,0.0,0.0,0.04009823592549134,False,,False,
2023-04-01,crypto_risk_parity,Crypto,Risk Parity,True,1,0,Optimization terminated successfully,13,8.024416020433478e-14,0.0,0.0,0.0,0.0,0.04009823592549134,False,,False,
2023-04-03,equity_equal_weight,Equity,Equal Weight,True,0,0,deterministic_equal_weight,0,0.0,0.0,0.0,0.0,0.0,0.0,False,,False,
2023-04-03,equity_minimum_variance,Equity,Minimum Variance,True,1,0,Optimization terminated successfully,47,0.021020285932780994,0.0,0.0,0.0,0.0,0.003643959920253771,False,,False,
2023-04-03,equity_maximum_sharpe,Equity,Maximum Sharpe,True,1,0,Optimization terminated successfully,12,-1.6344190200284245,4.8627768478581856e-14,0.0,0.0,0.0,0.003643959920253771,False,,False,
2023-04-03,equity_risk_parity,Equity,Risk Parity,True,1,0,Optimization terminated successfully,19,2.648959713183009e-13,0.0,0.0,0.0,0.0,0.003643959920253771,False,,False,
2023-04-03,combined_equal_weight,Combined,Equal Weight,True,0,0,deterministic_equal_weight,0,0.0,0.0,0.0,0.0,0.0,0.0,False,,False,
2023-04-03,combined_minimum_variance,Combined,Minimum Variance,True,1,0,Optimization terminated successfully,51,0.02102028593022079,2.220446049250313e-16,0.0,0.0,0.0,0.003474022018382039,False,,False,
2023-04-03,combined_maximum_sharpe,Combined,Maximum Sharpe,True,1,0,Optimization terminated successfully,10,-1.6344190197410329,0.0,0.0,0.0,0.0,0.003474022018382039,False,,False,
2023-04-03,combined_risk_parity,Combined,Risk Parity,True,1,0,Optimization terminated successfully,28,7.029437567730706e-13,0.0,0.0,0.0,0.0,0.003474022018382039,False,,False,
2023-05-01,equity_equal_weight,Equity,Equal Weight,True,0,0,deterministic_equal_weight,0,0.0,0.0,0.0,0.0,0.0,0.0,False,,False,
2023-05-01,equity_minimum_variance,Equity,Minimum Variance,True,1,0,Optimization terminated successfully,40,0.020904212491170353,4.440892098500626e-16,0.0,0.0,0.0,0.0035268367657584035,False,,False,
2023-05-01,equity_maximum_sharpe,Equity,Maximum Sharpe,True,1,0,Optimization terminated successfully,5,-2.2074802171631576,2.3314683517128287e-14,0.0,0.0,0.0,0.0035268367657584035,False,,False,
2023-05-01,equity_risk_parity,Equity,Risk Parity,True,1,0,Optimization terminated successfully,19,1.6108139087089865e-13,0.0,0.0,0.0,0.0,0.0035268367657584035,False,,False,
2023-05-01,crypto_equal_weight,Crypto,Equal Weight,True,0,0,deterministic_equal_weight,0,0.0,0.0,0.0,0.0,0.0,0.0,False,,False,
2023-05-01,crypto_minimum_variance,Crypto,Minimum Variance,True,1,0,Optimization terminated successfully,8,0.3841802909365253,6.661338147750939e-16,0.0,0.0,0.0,0.04368708244276343,False,,False,
2023-05-01,crypto_maximum_sharpe,Crypto,Maximum Sharpe,True,1,0,Optimization terminated successfully,5,-0.25917286703139075,0.0,0.0,0.0,0.0,0.04368708244276343,False,,False,
2023-05-01,crypto_risk_parity,Crypto,Risk Parity,True,1,0,Optimization terminated successfully,12,1.6775814568016366e-13,0.0,0.0,0.0,0.0,0.04368708244276343,False,,False,
2023-05-01,combined_equal_weight,Combined,Equal Weight,True,0,0,deterministic_equal_weight,0,0.0,0.0,0.0,0.0,0.0,0.0,False,,False,
2023-05-01,combined_minimum_variance,Combined,Minimum Variance,True,1,0,Optimization terminated successfully,42,0.020904212491123945,4.440892098500626e-16,0.0,0.0,0.0,0.0032305452820336608,False,,False,
2023-05-01,combined_maximum_sharpe,Combined,Maximum Sharpe,True,1,0,Optimization terminated successfully,5,-2.2074802171612706,4.4630965589931293e-13,0.0,0.0,0.0,0.0032305452820336608,False,,False,
2023-05-01,combined_risk_parity,Combined,Risk Parity,True,1,0,Optimization terminated successfully,28,8.707770816875988e-14,0.0,0.0,0.0,0.0,0.0032305452820336608,False,,False,
2023-06-01,equity_equal_weight,Equity,Equal Weight,True,0,0,deterministic_equal_weight,0,0.0,0.0,0.0,0.0,0.0,0.0,False,,False,
2023-06-01,equity_minimum_variance,Equity,Minimum Variance,True,1,0,Optimization terminated successfully,39,0.018140526800775165,0.0,0.0,0.0,0.0,0.003576543741986423,False,,False,
2023-06-01,equity_maximum_sharpe,Equity,Maximum Sharpe,True,1,0,Optimization terminated successfully,14,-2.010552107965304,3.042011087472929e-14,0.0,0.0,0.0,0.003576543741986423,False,,False,
2023-06-01,equity_risk_parity,Equity,Risk Parity,True,1,0,Optimization terminated successfully,17,1.3731801093363198e-13,0.0,0.0,0.0,0.0,0.003576543741986423,False,,False,
2023-06-01,crypto_equal_weight,Crypto,Equal Weight,True,0,0,deterministic_equal_weight,0,0.0,0.0,0.0,0.0,0.0,0.0,False,,False,
2023-06-01,crypto_minimum_variance,Crypto,Minimum Variance,True,1,0,Optimization terminated successfully,13,0.3013763264720935,2.220446049250313e-16,0.0,0.0,0.0,0.0409491410188768,False,,False,
2023-06-01,crypto_maximum_sharpe,Crypto,Maximum Sharpe,True,1,0,Optimization terminated successfully,4,-0.4800937852542666,2.220446049250313e-16,0.0,0.0,0.0,0.0409491410188768,False,,False,
2023-06-01,crypto_risk_parity,Crypto,Risk Parity,True,1,0,Optimization terminated successfully,15,6.605600570024578e-14,0.0,0.0,0.0,0.0,0.0409491410188768,False,,False,
2023-06-01,combined_equal_weight,Combined,Equal Weight,True,0,0,deterministic_equal_weight,0,0.0,0.0,0.0,0.0,0.0,0.0,False,,False,
2023-06-01,combined_minimum_variance,Combined,Minimum Variance,True,1,0,Optimization terminated successfully,39,0.01814052680095717,0.0,0.0,0.0,0.0,0.0031448019822444906,False,,False,
2023-06-01,combined_maximum_sharpe,Combined,Maximum Sharpe,True,1,0,Optimization terminated successfully,18,-2.147323213089057,4.1300296516055823e-14,0.0,0.0,0.0,0.0031448019822444906,False,,False,
2023-06-01,combined_risk_parity,Combined,Risk Parity,True,1,0,Optimization terminated successfully,25,2.3397653923892267e-13,0.0,0.0,0.0,0.0,0.0031448019822444906,False,,False,
2023-07-01,crypto_equal_weight,Crypto,Equal Weight,True,0,0,deterministic_equal_weight,0,0.0,0.0,0.0,0.0,0.0,0.0,False,,False,
2023-07-01,crypto_minimum_variance,Crypto,Minimum Variance,True,1,0,Optimization terminated successfully,13,0.2698506381280494,2.220446049250313e-16,0.0,0.0,0.0,0.03966218814579615,False,,False,
2023-07-01,crypto_maximum_sharpe,Crypto,Maximum Sharpe,True,1,0,Optimization terminated successfully,7,-1.4642888705570938,2.220446049250313e-16,0.0,0.0,0.0,0.03966218814579615,False,,False,
2023-07-01,crypto_risk_parity,Crypto,Risk Parity,True,1,0,Optimization terminated successfully,17,1.650101683866792e-14,0.0,0.0,0.0,0.0,0.03966218814579615,False,,False,
2023-07-03,equity_equal_weight,Equity,Equal Weight,True,0,0,deterministic_equal_weight,0,0.0,0.0,0.0,0.0,0.0,0.0,False,,False,
2023-07-03,equity_minimum_variance,Equity,Minimum Variance,True,1,0,Optimization terminated successfully,45,0.015941812207846198,2.220446049250313e-16,0.0,0.0,0.0,0.0034622380905151673,False,,False,
2023-07-03,equity_maximum_sharpe,Equity,Maximum Sharpe,True,1,0,Optimization terminated successfully,14,-2.9150212919982317,1.574296248918472e-13,0.0,0.0,0.0,0.0034622380905151673,False,,False,
2023-07-03,equity_risk_parity,Equity,Risk Parity,True,1,0,Optimization terminated successfully,18,8.221513263258506e-14,0.0,0.0,0.0,0.0,0.0034622380905151673,False,,False,
2023-07-03,combined_equal_weight,Combined,Equal Weight,True,0,0,deterministic_equal_weight,0,0.0,0.0,0.0,0.0,0.0,0.0,False,,False,
2023-07-03,combined_minimum_variance,Combined,Minimum Variance,True,1,0,Optimization terminated successfully,45,0.015841140136024227,0.0,0.0,0.0,0.0,0.0032362157730768935,False,,False,
2023-07-03,combined_maximum_sharpe,Combined,Maximum Sharpe,True,1,0,Optimization terminated successfully,22,-3.122375355565646,8.313350008393172e-13,0.0,0.0,0.0,0.0032362157730768935,False,,False,
2023-07-03,combined_risk_parity,Combined,Risk Parity,True,1,0,Optimization terminated successfully,26,4.953351595838282e-14,0.0,0.0,0.0,0.0,0.0032362157730768935,False,,False,
2023-08-01,equity_equal_weight,Equity,Equal Weight,True,0,0,deterministic_equal_weight,0,0.0,0.0,0.0,0.0,0.0,0.0,False,,False,
2023-08-01,equity_minimum_variance,Equity,Minimum Variance,True,1,0,Optimization terminated successfully,45,0.01573173225237059,2.220446049250313e-16,0.0,0.0,0.0,0.003426387166604453,False,,False,
2023-08-01,equity_maximum_sharpe,Equity,Maximum Sharpe,True,1,0,Optimization terminated successfully,11,-2.814432450771075,3.963496197911809e-13,0.0,0.0,0.0,0.003426387166604453,False,,False,
2023-08-01,equity_risk_parity,Equity,Risk Parity,True,1,0,Optimization terminated successfully,18,6.560603069406121e-14,0.0,0.0,0.0,0.0,0.003426387166604453,False,,False,
2023-08-01,crypto_equal_weight,Crypto,Equal Weight,True,0,0,deterministic_equal_weight,0,0.0,0.0,0.0,0.0,0.0,0.0,False,,False,
2023-08-01,crypto_minimum_variance,Crypto,Minimum Variance,True,1,0,Optimization terminated successfully,12,0.2742433386870904,1.1102230246251565e-16,0.0,0.0,0.0,0.03432065111902545,False,,False,
2023-08-01,crypto_maximum_sharpe,Crypto,Maximum Sharpe,True,1,0,Optimization terminated successfully,4,-1.1656730745065813,0.0,0.0,0.0,0.0,0.03432065111902545,False,,False,
2023-08-01,crypto_risk_parity,Crypto,Risk Parity,True,1,0,Optimization terminated successfully,16,2.0874010279379158e-14,0.0,0.0,0.0,0.0,0.03432065111902545,False,,False,
2023-08-01,combined_equal_weight,Combined,Equal Weight,True,0,0,deterministic_equal_weight,0,0.0,0.0,0.0,0.0,0.0,0.0,False,,False,
2023-08-01,combined_minimum_variance,Combined,Minimum Variance,True,1,0,Optimization terminated successfully,45,0.01565062844650916,2.220446049250313e-16,0.0,0.0,0.0,0.0031253268616602296,False,,False,
2023-08-01,combined_maximum_sharpe,Combined,Maximum Sharpe,True,1,0,Optimization terminated successfully,19,-2.9919238256041782,1.09934283898383e-12,0.0,0.0,0.0,0.0031253268616602296,False,,False,
2023-08-01,combined_risk_parity,Combined,Risk Parity,True,1,0,Optimization terminated successfully,26,5.098699315053884e-14,1.1102230246251565e-16,0.0,0.0,0.0,0.0031253268616602296,False,,False,
2023-09-01,equity_equal_weight,Equity,Equal Weight,True,0,0,deterministic_equal_weight,0,0.0,0.0,0.0,0.0,0.0,0.0,False,,False,
2023-09-01,equity_minimum_variance,Equity,Minimum Variance,True,1,0,Optimization terminated successfully,41,0.015274545186195417,0.0,0.0,0.0,0.0,0.003690426531374421,False,,False,
2023-09-01,equity_maximum_sharpe,Equity,Maximum Sharpe,True,1,0,Optimization terminated successfully,12,-3.0642096022123178,1.709743457922741e-14,0.0,0.0,0.0,0.003690426531374421,False,,False,
2023-09-01,equity_risk_parity,Equity,Risk Parity,True,1,0,Optimization terminated successfully,18,5.369272647396623e-14,0.0,0.0,0.0,0.0,0.003690426531374421,False,,False,
2023-09-01,crypto_equal_weight,Crypto,Equal Weight,True,0,0,deterministic_equal_weight,0,0.0,0.0,0.0,0.0,0.0,0.0,False,,False,
2023-09-01,crypto_minimum_variance,Crypto,Minimum Variance,True,1,0,Optimization terminated successfully,14,0.2585727261258065,2.220446049250313e-16,0.0,0.0,0.0,0.031030260687895956,False,,False,
2023-09-01,crypto_maximum_sharpe,Crypto,Maximum Sharpe,True,1,0,Optimization terminated successfully,4,-1.0580113502577122,1.1102230246251565e-16,0.0,0.0,0.0,0.031030260687895956,False,,False,
2023-09-01,crypto_risk_parity,Crypto,Risk Parity,True,1,0,Optimization terminated successfully,14,8.741222630078356e-14,0.0,0.0,0.0,0.0,0.031030260687895956,False,,False,
2023-09-01,combined_equal_weight,Combined,Equal Weight,True,0,0,deterministic_equal_weight,0,0.0,0.0,0.0,0.0,0.0,0.0,False,,False,
2023-09-01,combined_minimum_variance,Combined,Minimum Variance,True,1,0,Optimization terminated successfully,43,0.01521167119946537,2.220446049250313e-16,0.0,0.0,0.0,0.0034220807403439355,False,,False,
2023-09-01,combined_maximum_sharpe,Combined,Maximum Sharpe,True,1,0,Optimization terminated successfully,15,-3.1631922506136894,8.835154829966996e-13,0.0,0.0,0.0,0.0034220807403439355,False,,False,
2023-09-01,combined_risk_parity,Combined,Risk Parity,True,1,0,Optimization terminated successfully,25,1.3367870671739034e-13,0.0,0.0,0.0,0.0,0.0034220807403439355,False,,False,
2023-10-01,crypto_equal_weight,Crypto,Equal Weight,True,0,0,deterministic_equal_weight,0,0.0,0.0,0.0,0.0,0.0,0.0,False,,False,
2023-10-01,crypto_minimum_variance,Crypto,Minimum Variance,True,1,0,Optimization terminated successfully,14,0.23519051649283337,0.0,0.0,0.0,0.0,0.02372971084989408,False,,False,
2023-10-01,crypto_maximum_sharpe,Crypto,Maximum Sharpe,True,1,0,Optimization terminated successfully,6,-1.096470514062765,4.586331314726522e-13,0.0,0.0,0.0,0.02372971084989408,False,,False,
2023-10-01,crypto_risk_parity,Crypto,Risk Parity,True,1,0,Optimization terminated successfully,13,1.8003808744255408e-13,0.0,0.0,0.0,0.0,0.02372971084989408,False,,False,
2023-10-02,equity_equal_weight,Equity,Equal Weight,True,0,0,deterministic_equal_weight,0,0.0,0.0,0.0,0.0,0.0,0.0,False,,False,
2023-10-02,equity_minimum_variance,Equity,Minimum Variance,True,1,0,Optimization terminated successfully,40,0.013638426015105072,0.0,0.0,0.0,0.0,0.003763734228713742,False,,False,
2023-10-02,equity_maximum_sharpe,Equity,Maximum Sharpe,True,1,0,Optimization terminated successfully,13,-3.406788300207765,1.1146639167236572e-13,0.0,0.0,0.0,0.003763734228713742,False,,False,
2023-10-02,equity_risk_parity,Equity,Risk Parity,True,1,0,Optimization terminated successfully,18,8.868649444058669e-14,0.0,0.0,0.0,0.0,0.003763734228713742,False,,False,
2023-10-02,combined_equal_weight,Combined,Equal Weight,True,0,0,deterministic_equal_weight,0,0.0,0.0,0.0,0.0,0.0,0.0,False,,False,
2023-10-02,combined_minimum_variance,Combined,Minimum Variance,True,1,0,Optimization terminated successfully,44,0.013546451388302662,0.0,0.0,0.0,0.0,0.003480256099374691,False,,False,
2023-10-02,combined_maximum_sharpe,Combined,Maximum Sharpe,True,1,0,Optimization terminated successfully,19,-3.5032236609255,1.2803091919977305e-12,0.0,0.0,0.0,0.003480256099374691,False,,False,
2023-10-02,combined_risk_parity,Combined,Risk Parity,True,1,0,Optimization terminated successfully,25,3.317545112547626e-13,2.220446049250313e-16,0.0,0.0,0.0,0.003480256099374691,False,,False,
2023-11-01,equity_equal_weight,Equity,Equal Weight,True,0,0,deterministic_equal_weight,0,0.0,0.0,0.0,0.0,0.0,0.0,False,,False,
2023-11-01,equity_minimum_variance,Equity,Minimum Variance,True,1,0,Optimization terminated successfully,50,0.011180732790830615,0.0,0.0,0.0,0.0,0.0038091893847280282,False,,False,
2023-11-01,equity_maximum_sharpe,Equity,Maximum Sharpe,True,1,0,Optimization terminated successfully,16,-2.7098059468445563,1.0191847366058937e-13,0.0,0.0,0.0,0.0038091893847280282,False,,False,
2023-11-01,equity_risk_parity,Equity,Risk Parity,True,1,0,Optimization terminated successfully,19,3.056266310595025e-13,0.0,0.0,0.0,0.0,0.0038091893847280282,False,,False,
2023-11-01,crypto_equal_weight,Crypto,Equal Weight,True,0,0,deterministic_equal_weight,0,0.0,0.0,0.0,0.0,0.0,0.0,False,,False,
2023-11-01,crypto_minimum_variance,Crypto,Minimum Variance,True,1,0,Optimization terminated successfully,12,0.2338169597106814,1.1102230246251565e-16,0.0,0.0,0.0,0.024230723042420917,False,,False,
2023-11-01,crypto_maximum_sharpe,Crypto,Maximum Sharpe,True,1,0,Optimization terminated successfully,2,-1.2669371304296277,8.881784197001252e-16,0.0,0.0,0.0,0.024230723042420917,False,,False,
2023-11-01,crypto_risk_parity,Crypto,Risk Parity,True,1,0,Optimization terminated successfully,12,5.20351045541903e-13,1.1102230246251565e-16,0.0,0.0,0.0,0.024230723042420917,False,,False,
2023-11-01,combined_equal_weight,Combined,Equal Weight,True,0,0,deterministic_equal_weight,0,0.0,0.0,0.0,0.0,0.0,0.0,False,,False,
2023-11-01,combined_minimum_variance,Combined,Minimum Variance,True,1,0,Optimization terminated successfully,49,0.01117778930817453,0.0,0.0,0.0,0.0,0.003478749475027701,False,,False,
2023-11-01,combined_maximum_sharpe,Combined,Maximum Sharpe,True,1,0,Optimization terminated successfully,16,-2.86836446439817,7.551737013500315e-13,0.0,0.0,0.0,0.003478749475027701,False,,False,
2023-11-01,combined_risk_parity,Combined,Risk Parity,True,1,0,Optimization terminated successfully,27,1.722117349544422e-13,0.0,0.0,0.0,0.0,0.003478749475027701,False,,False,
2023-12-01,equity_equal_weight,Equity,Equal Weight,True,0,0,deterministic_equal_weight,0,0.0,0.0,0.0,0.0,0.0,0.0,False,,False,
2023-12-01,equity_minimum_variance,Equity,Minimum Variance,True,1,0,Optimization terminated successfully,50,0.01003262042758342,0.0,0.0,0.0,0.0,0.003884409752071722,False,,False,
2023-12-01,equity_maximum_sharpe,Equity,Maximum Sharpe,True,1,0,Optimization terminated successfully,16,-2.9638890474204,1.5121237595394632e-13,0.0,0.0,0.0,0.003884409752071722,False,,False,
2023-12-01,equity_risk_parity,Equity,Risk Parity,True,1,0,Optimization terminated successfully,18,2.4092450888514497e-13,2.220446049250313e-16,0.0,0.0,0.0,0.003884409752071722,False,,False,
2023-12-01,crypto_equal_weight,Crypto,Equal Weight,True,0,0,deterministic_equal_weight,0,0.0,0.0,0.0,0.0,0.0,0.0,False,,False,
2023-12-01,crypto_minimum_variance,Crypto,Minimum Variance,True,1,0,Optimization terminated successfully,16,0.18460989141607898,0.0,0.0,0.0,0.0,0.024116437145460582,False,,False,
2023-12-01,crypto_maximum_sharpe,Crypto,Maximum Sharpe,True,1,0,Optimization terminated successfully,2,-1.7047839844708774,4.440892098500626e-16,0.0,0.0,0.0,0.024116437145460582,False,,False,
2023-12-01,crypto_risk_parity,Crypto,Risk Parity,True,1,0,Optimization terminated successfully,14,6.286418056099971e-14,0.0,0.0,0.0,0.0,0.024116437145460582,False,,False,
2023-12-01,combined_equal_weight,Combined,Equal Weight,True,0,0,deterministic_equal_weight,0,0.0,0.0,0.0,0.0,0.0,0.0,False,,False,
2023-12-01,combined_minimum_variance,Combined,Minimum Variance,True,1,0,Optimization terminated successfully,52,0.009963764438345525,1.1102230246251565e-16,0.0,0.0,0.0,0.0034923946678661654,False,,False,
2023-12-01,combined_maximum_sharpe,Combined,Maximum Sharpe,True,1,0,Optimization terminated successfully,14,-3.153858711543912,3.6348701826227625e-13,0.0,0.0,0.0,0.0034923946678661654,False,,False,
2023-12-01,combined_risk_parity,Combined,Risk Parity,True,1,0,Optimization terminated successfully,25,1.1540230700582718e-13,0.0,0.0,0.0,0.0,0.0034923946678661654,False,,False,
